taxon_name,native_range_status,n_observations
Cirsium acantholepis,native,1
Cirsium acaulon,native,594
Cirsium acaulon,unmapped_tdwg,39
Cirsium acrolepis,native,7
Cirsium alatum,native,23
Cirsium alatum,unmapped_tdwg,2
Cirsium alberti,native,1
Cirsium alsophilum,native,34
Cirsium altissimum,native,618
Cirsium altissimum,unmapped_tdwg,7
Cirsium altissimum,unlisted,2
Cirsium anartiolepis,native,17
Cirsium anartiolepis,unlisted,1
Cirsium andersonii,native,85
Cirsium andrewsii,unmapped_tdwg,3
Cirsium andrewsii,native,2
Cirsium aomorense,native,2
Cirsium aomorense,unmapped_tdwg,1
Cirsium appendiculatum,native,6
Cirsium appendiculatum,unmapped_tdwg,2
Cirsium arachnoideum,native,2
Cirsium arctorhaphis,native,2
Cirsium argillosum,native,15
Cirsium argyracanthum,native,2
Cirsium arisanense,native,17
Cirsium arizonicum,native,126
Cirsium arizonicum,unlisted,1
Cirsium arvense,native,6448
Cirsium arvense,introduced,4630
Cirsium arvense,unmapped_tdwg,640
Cirsium arvense,unlisted,77
Cirsium babanum,native,1
Cirsium barnebyi,native,4
Cirsium bertolonii,native,3
Cirsium bicentenariale,native,3
Cirsium boninense,unmapped_tdwg,1
Cirsium borealinipponense,native,2
Cirsium botryodes,native,1
Cirsium brachycephalum,native,44
Cirsium brachycephalum,unmapped_tdwg,1
Cirsium bracteosum,native,1
Cirsium brevicaule,unmapped_tdwg,19
Cirsium brevicaule,native,2
Cirsium brevicaule,unlisted,2
Cirsium brevifolium,native,9
Cirsium brevifolium,unmapped_tdwg,1
Cirsium brevistylum,native,132
Cirsium brevistylum,unmapped_tdwg,48
Cirsium buergeri,native,1
Cirsium calcareum,native,6
Cirsium candelabrum,native,27
Cirsium candelabrum,unmapped_tdwg,1
Cirsium canescens,native,101
Cirsium canescens,unlisted,2
Cirsium canum,native,324
Cirsium canum,unmapped_tdwg,2
Cirsium carniolicum,unresolved_taxon,17
Cirsium carolinianum,native,115
Cirsium carolinianum,unlisted,2
Cirsium centaureae,native,22
Cirsium cephalotes,native,6
Cirsium chanroenicum,native,1
Cirsium charkeviczii,unmapped_tdwg,1
Cirsium chellyense,native,1
Cirsium chinense,unmapped_tdwg,2
Cirsium chionanthum,native,2
Cirsium chlorocomos,native,8
Cirsium chokaiense,native,1
Cirsium ciliatum,native,63
Cirsium ciliatum,unmapped_tdwg,2
Cirsium ciliolatum,native,3
Cirsium clavatum,native,10
Cirsium clokeyi,native,3
Cirsium coahuilense,native,5
Cirsium coloradense,native,25
Cirsium confertissimum,native,1
Cirsium consociatum,native,4
Cirsium conspicuum,native,17
Cirsium conspicuum,unlisted,2
Cirsium coryletorum,native,6
Cirsium coryletorum,unmapped_tdwg,1
Cirsium creticum,native,17
Cirsium creticum,unmapped_tdwg,2
Cirsium culebraense,native,3
Cirsium culebraense,unlisted,3
Cirsium cymosum,native,87
Cirsium cymosum,unlisted,1
Cirsium czerkessicum,native,3
Cirsium dealbatum,native,8
Cirsium discolor,unresolved_taxon,1225
Cirsium dissectum,native,85
Cirsium dissectum,unmapped_tdwg,6
Cirsium douglasii,native,23
Cirsium douglasii,unmapped_tdwg,4
Cirsium drummondii,native,99
Cirsium dyris,native,1
Cirsium eatonii,native,9
Cirsium eatonii,unlisted,1
Cirsium echinus,native,61
Cirsium echinus,unmapped_tdwg,1
Cirsium edule,native,139
Cirsium edule,unmapped_tdwg,13
Cirsium ehrenbergii,native,107
Cirsium ehrenbergii,unlisted,4
Cirsium elbrusense,native,3
Cirsium elodes,native,1
Cirsium engelmannii,native,43
Cirsium engelmannii,unlisted,5
Cirsium engelmannii,unmapped_tdwg,1
Cirsium eriophoroides,native,4
Cirsium erisithales,native,248
Cirsium erisithales,unmapped_tdwg,2
Cirsium erythrolepis,unresolved_taxon,3
Cirsium esculentum,native,316
Cirsium esculentum,unlisted,56
Cirsium esculentum,introduced,1
Cirsium euxinum,native,6
Cirsium falconeri,native,5
Cirsium faucium,native,1
Cirsium ferum,native,8
Cirsium filipendulum,unresolved_taxon,60
Cirsium flodmanii,native,282
Cirsium flodmanii,unlisted,2
Cirsium foliosum,native,29
Cirsium funkiae,native,23
Cirsium funkiae,unlisted,3
Cirsium gagnidzei,native,2
Cirsium gilense,native,1
Cirsium glabrum,native,7
Cirsium glabrum,unmapped_tdwg,1
Cirsium grahamii,native,10
Cirsium gratiosum,native,1
Cirsium greimleri,native,16
Cirsium griseum,unresolved_taxon,16
Cirsium hachijoense,native,2
Cirsium hachimantaiense,native,1
Cirsium harrisonii,native,1
Cirsium helenioides,unresolved_taxon,181
Cirsium heliorhaphis,native,5
Cirsium hesperium,native,12
Cirsium heterophyllum,native,1588
Cirsium heterophyllum,unmapped_tdwg,101
Cirsium heterophyllum,introduced,6
Cirsium heterophyllum,unlisted,1
Cirsium heterotrichum,native,1
Cirsium hidakamontanum,native,1
Cirsium hidalgoense,native,3
Cirsium hookerianum,native,136
Cirsium hookerianum,unmapped_tdwg,2
Cirsium horridulum,native,1362
Cirsium horridulum,unmapped_tdwg,75
Cirsium hosokawae,native,1
Cirsium hupehense,native,3
Cirsium hydrophilum,native,1
Cirsium hygropodum,native,4
Cirsium hypoleucum,native,14
Cirsium inamoenum,native,9
Cirsium irumtiense,unmapped_tdwg,4
Cirsium isophyllum,native,1
Cirsium italicum,native,4
Cirsium italicum,unmapped_tdwg,1
Cirsium jaliscoense,native,9
Cirsium japonicum,native,149
Cirsium japonicum,unmapped_tdwg,47
Cirsium joannae,native,1
Cirsium jorullense,native,6
Cirsium kamtschaticum,native,88
Cirsium kamtschaticum,unmapped_tdwg,14
Cirsium kamtschaticum,unlisted,1
Cirsium kawakamii,native,5
Cirsium kirishimense,native,1
Cirsium komarovii,native,3
Cirsium kosmelii,native,7
Cirsium laniflorum,native,11
Cirsium latifolium,native,3
Cirsium lecontei,native,15
Cirsium leo,native,4
Cirsium leucocephalum,native,1
Cirsium libanoticum,native,2
Cirsium ligulare,native,17
Cirsium lineare,native,2
Cirsium lipskyi,unresolved_taxon,4
Cirsium lomatolepis,native,6
Cirsium loncholepis,native,1
Cirsium loncholepis,unmapped_tdwg,1
Cirsium longistylum,native,2
Cirsium luzoniense,native,1
Cirsium maackii,native,7
Cirsium maackii,unmapped_tdwg,6
Cirsium macrobotrys,native,2
Cirsium macrocephalum,native,3
Cirsium magdalenense,native,1
Cirsium maritimum,unresolved_taxon,14
Cirsium mexicanum,native,125
Cirsium mexicanum,introduced,12
Cirsium mexicanum,unmapped_tdwg,3
Cirsium mexicanum,unlisted,2
Cirsium michiliense,native,2
Cirsium mohavense,native,42
Cirsium mohavense,unlisted,3
Cirsium monocephalum,native,1
Cirsium monspessulanum,native,86
Cirsium monspessulanum,unmapped_tdwg,4
Cirsium morii,native,2
Cirsium morinifolium,native,2
Cirsium murdockii,native,2
Cirsium muticum,native,601
Cirsium muticum,unmapped_tdwg,17
Cirsium myokoense,native,1
Cirsium nambuense,native,1
Cirsium neomexicanum,native,272
Cirsium neomexicanum,unmapped_tdwg,1
Cirsium nipponicum,native,1
Cirsium nivale,native,17
Cirsium norikurense,native,1
Cirsium notorhaphis,native,2
Cirsium novoleonense,native,8
Cirsium nuttallii,native,250
Cirsium nuttallii,unmapped_tdwg,20
Cirsium nuttallii,unlisted,18
Cirsium oaxacanum,native,2
Cirsium obvallatum,native,79
Cirsium obvallatum,unmapped_tdwg,1
Cirsium occidentale,native,357
Cirsium occidentale,unmapped_tdwg,28
Cirsium ochrocentrum,native,172
Cirsium ochrocentrum,unlisted,25
Cirsium ochrocentrum,unmapped_tdwg,1
Cirsium oleraceum,native,1984
Cirsium oleraceum,unmapped_tdwg,22
Cirsium oleraceum,introduced,7
Cirsium oleraceum,unlisted,1
Cirsium oligophyllum,native,20
Cirsium opacum,native,1
Cirsium osseticum,native,4
Cirsium otayae,native,3
Cirsium ownbeyi,native,1
Cirsium pacificum,native,9
Cirsium pacificum,unmapped_tdwg,1
Cirsium palustre,unresolved_taxon,3583
Cirsium pannonicum,native,86
Cirsium pannonicum,unlisted,1
Cirsium parryi,native,72
Cirsium peckii,native,4
Cirsium pendulum,native,50
Cirsium pendulum,unmapped_tdwg,4
Cirsium perplexans,native,4
Cirsium phyllocephalum,native,13
Cirsium pinetorum,unresolved_taxon,5
Cirsium pitcheri,native,12
Cirsium pringlei,native,7
Cirsium pubigerum,native,1
Cirsium pugnax,native,24
Cirsium pugnax,unmapped_tdwg,1
Cirsium pulcherrimum,native,12
Cirsium pumilum,native,171
Cirsium pumilum,unmapped_tdwg,5
Cirsium purpuratum,native,14
Cirsium pyrenaicum,native,17
Cirsium quercetorum,unmapped_tdwg,16
Cirsium quercetorum,native,11
Cirsium radians,native,3
Cirsium remotifolium,native,41
Cirsium repandum,native,64
Cirsium repandum,unmapped_tdwg,3
Cirsium rhaphilepis,native,80
Cirsium rhaphilepis,unmapped_tdwg,2
Cirsium rhinoceros,native,3
Cirsium rhizocephalum,native,22
Cirsium rivulare,native,313
Cirsium rivulare,unmapped_tdwg,7
Cirsium roseolum,native,11
Cirsium rupinarum,native,1
Cirsium sairamense,native,8
Cirsium scariosum,native,320
Cirsium scariosum,unlisted,8
Cirsium scariosum,unmapped_tdwg,2
Cirsium schantarense,native,11
Cirsium schantarense,unmapped_tdwg,3
Cirsium scopulorum,native,18
Cirsium semenowii,native,15
Cirsium serratuloides,unresolved_taxon,94
Cirsium serrulatum,unresolved_taxon,268
Cirsium setidens,native,7
Cirsium shansiense,native,1
Cirsium sieboldii,native,10
Cirsium sieversii,native,6
Cirsium simplex,native,16
Cirsium sintenisii,native,2
Cirsium sipyleum,native,1
Cirsium skutchii,native,2
Cirsium sorocephalum,native,6
Cirsium souliei,native,5
Cirsium spicatum,native,1
Cirsium spinosissimum,native,185
Cirsium spinosissimum,unmapped_tdwg,3
Cirsium spinosum,native,2
Cirsium spinosum,unmapped_tdwg,1
Cirsium subcoriaceum,native,82
Cirsium subcoriaceum,unmapped_tdwg,1
Cirsium subuliforme,unresolved_taxon,6
Cirsium suffultum,native,1
Cirsium suzukaense,native,4
Cirsium suzukii,native,8
Cirsium sychnosanthum,native,4
Cirsium taiwanense,native,3
Cirsium tamastoloniferum,native,1
Cirsium tancitaroense,native,1
Cirsium tatakaense,native,5
Cirsium tenorioanum,native,1
Cirsium tenuipedunculatum,native,2
Cirsium tepehuanense,native,2
Cirsium texanum,native,465
Cirsium texanum,unmapped_tdwg,5
Cirsium tioganum,native,6
Cirsium townsendii,native,30
Cirsium tracyi,native,12
Cirsium tuberosum,native,64
Cirsium tuberosum,unmapped_tdwg,1
Cirsium tukuhnikivatzicum,native,4
Cirsium turkestanicum,native,7
Cirsium turneri,native,6
Cirsium tweedyi,native,6
Cirsium tymphaeum,native,4
Cirsium ukranicum,native,69
Cirsium uliginosum,native,3
Cirsium undulatum,native,766
Cirsium undulatum,introduced,5
Cirsium undulatum,unmapped_tdwg,2
Cirsium valentinum,native,1
Cirsium velatum,native,5
Cirsium vergelense,native,1
Cirsium verutum,native,9
Cirsium viperinum,native,2
Cirsium virginianum,unresolved_taxon,15
Cirsium vlassovianum,native,14
Cirsium vlassovianum,unmapped_tdwg,9
Cirsium vulgare,introduced,5893
Cirsium vulgare,native,5591
Cirsium vulgare,unmapped_tdwg,882
Cirsium vulgare,unlisted,841
Cirsium waldsteinii,native,21
Cirsium waldsteinii,unmapped_tdwg,1
Cirsium wallichii,native,3
Cirsium welwitschii,native,1
Cirsium wheeleri,native,53
Cirsium yakusimense,native,1
Cirsium yatsu-alpicola,native,3
Cirsium yezoense,native,3
Cirsium zamoranense,native,1
Cirsium zhejiangense,native,1
