accepted_key,tdwg_level3_code,locality,establishment_means,occurrence_status,classified_status
206738404,TAI,Taiwan,,,native
206738408,UTA,Utah,,,native
206738422,NEV,Nevada,,,native
206738470,TAI,Taiwan,,,native
206738505,AUT,Austria,,,native
206738505,YUG,NW. Balkan Pen.,,,native
206738638,TAI,Taiwan,,,native
206738938,TAI,Taiwan,,,native
206739103,TAI,Taiwan,,,native
206739202,TAI,Taiwan,,,native
206739447,TAI,Taiwan,,,native
206739548,MXE,Mexico Northeast,,,native
206739568,CHC,China South-Central,,,native
206739568,CHS,China Southeast,,,native
206739568,JAP,Japan,,,native
206739589,JAP,Japan,,,native
206739597,JAP,Japan,,,native
206739803,ARI,Arizona,,,native
206739803,COL,Colorado,,,native
206739803,MXE,Mexico Northeast,,,native
206739803,MXN,Mexico Northwest,,,native
206739803,NWM,New Mexico,,,native
206739803,TEX,Texas,,,native
206739803,UTA,Utah,,,native
206739832,POR,Portugal,,,native
206739835,AFG,Afghanistan,,,native
206739835,EHM,East Himalaya,,,native
206739835,IND,India,,,native
206739835,NEP,Nepal,,,native
206739835,PAK,Pakistan,,,native
206739835,WHM,West Himalaya,,,native
206739900,AUT,Austria,,,native
206739900,CZE,Czechia-Slovakia,,,native
206739900,YUG,NW. Balkan Pen.,,,native
206739900,POL,Poland,,,native
206739900,ROM,Romania,,,native
206739900,UKR,Ukraine,,,native
206739917,AFG,Afghanistan,,,native
206739917,ALA,Alabama,INTRODUCED,,introduced
206739917,ASK,Alaska,INTRODUCED,,introduced
206739917,ALB,Albania,,,native
206739917,ABT,Alberta,INTRODUCED,,introduced
206739917,ALG,Algeria,,,native
206739917,ALT,Altay,,,native
206739917,ARI,Arizona,INTRODUCED,,introduced
206739917,ARK,Arkansas,INTRODUCED,,introduced
206739917,AUT,Austria,,,native
206739917,AZO,Azores,INTRODUCED,,introduced
206739917,BAL,Baleares,,,native
206739917,BLT,Baltic States,,,native
206739917,BLR,Belarus,,,native
206739917,BGM,Belgium,,,native
206739917,BOL,Bolivia,INTRODUCED,,introduced
206739917,BRC,British Columbia,INTRODUCED,,introduced
206739917,BUL,Bulgaria,,,native
206739917,BRY,Buryatiya,INTRODUCED,,introduced
206739917,CAL,California,INTRODUCED,,introduced
206739917,CNY,Canary Is.,INTRODUCED,,introduced
206739917,CPP,Cape Provinces,INTRODUCED,,introduced
206739917,RUC,Central European Russia,,,native
206739917,CTM,Chatham Is.,INTRODUCED,,introduced
206739917,CLM,Colombia,INTRODUCED,,introduced
206739917,COL,Colorado,INTRODUCED,,introduced
206739917,CNT,Connecticut,INTRODUCED,,introduced
206739917,COR,Corse,,,native
206739917,CYP,Cyprus,,,native
206739917,CZE,Czechia-Slovakia,,,native
206739917,DEL,Delaware,INTRODUCED,,introduced
206739917,DEN,Denmark,,,native
206739917,WDC,District of Columbia,INTRODUCED,,introduced
206739917,EAI,East Aegean Is.,,,native
206739917,RUE,East European Russia,,,native
206739917,ECU,Ecuador,INTRODUCED,,introduced
206739917,ETH,Ethiopia,INTRODUCED,,introduced
206739917,FIN,Finland,,,native
206739917,FLA,Florida,INTRODUCED,,introduced
206739917,FRA,France,,,native
206739917,OFS,Free State,INTRODUCED,,introduced
206739917,FOR,Føroyar,INTRODUCED,,introduced
206739917,GEO,Georgia,INTRODUCED,,introduced
206739917,GER,Germany,,,native
206739917,GRB,Great Britain,,,native
206739917,GRC,Greece,,,native
206739917,GUA,Guatemala,INTRODUCED,,introduced
206739917,HAW,Hawaii,INTRODUCED,,introduced
206739917,HUN,Hungary,,,native
206739917,IDA,Idaho,INTRODUCED,,introduced
206739917,ILL,Illinois,INTRODUCED,,introduced
206739917,INI,Indiana,INTRODUCED,,introduced
206739917,IOW,Iowa,INTRODUCED,,introduced
206739917,IRN,Iran,,,native
206739917,IRQ,Iraq,,,native
206739917,IRE,Ireland,,,native
206739917,ITA,Italy,,,native
206739917,JNF,Juan Fernández Is.,INTRODUCED,,introduced
206739917,KAN,Kansas,INTRODUCED,,introduced
206739917,KAZ,Kazakhstan,,,native
206739917,KTY,Kentucky,INTRODUCED,,introduced
206739917,KER,Kermadec Is.,INTRODUCED,,introduced
206739917,KGZ,Kirgizstan,,,native
206739917,KOR,Korea,INTRODUCED,,introduced
206739917,KRA,Krasnoyarsk,,,native
206739917,KRI,Kriti,,,native
206739917,KRY,Krym,,,native
206739917,KUR,Kuril Is.,INTRODUCED,,introduced
206739917,NAT,KwaZulu-Natal,INTRODUCED,,introduced
206739917,LBS,Lebanon-Syria,,,native
206739917,LES,Lesotho,INTRODUCED,,introduced
206739917,LOU,Louisiana,INTRODUCED,,introduced
206739917,MDR,Madeira,INTRODUCED,,introduced
206739917,MAI,Maine,INTRODUCED,,introduced
206739917,MAN,Manitoba,INTRODUCED,,introduced
206739917,MRY,Maryland,INTRODUCED,,introduced
206739917,MAS,Massachusetts,INTRODUCED,,introduced
206739917,MXN,Mexico Northwest,INTRODUCED,,introduced
206739917,MIC,Michigan,INTRODUCED,,introduced
206739917,MIN,Minnesota,INTRODUCED,,introduced
206739917,MSI,Mississippi,INTRODUCED,,introduced
206739917,MSO,Missouri,INTRODUCED,,introduced
206739917,MNT,Montana,INTRODUCED,,introduced
206739917,MOR,Morocco,,,native
206739917,YUG,NW. Balkan Pen.,,,native
206739917,NEB,Nebraska,INTRODUCED,,introduced
206739917,NET,Netherlands,,,native
206739917,NEV,Nevada,INTRODUCED,,introduced
206739917,NBR,New Brunswick,INTRODUCED,,introduced
206739917,NWH,New Hampshire,INTRODUCED,,introduced
206739917,NWJ,New Jersey,INTRODUCED,,introduced
206739917,NWM,New Mexico,INTRODUCED,,introduced
206739917,NSW,New South Wales,INTRODUCED,,introduced
206739917,NWY,New York,INTRODUCED,,introduced
206739917,NFL,Newfoundland,INTRODUCED,,introduced
206739917,NFK,Norfolk Is.,INTRODUCED,,introduced
206739917,NCA,North Carolina,INTRODUCED,,introduced
206739917,NCS,North Caucasus,,,native
206739917,NDA,North Dakota,INTRODUCED,,introduced
206739917,RUN,North European Russia,,,native
206739917,TVL,Northern Provinces,INTRODUCED,,introduced
206739917,RUW,Northwest European Russia,,,native
206739917,NOR,Norway,,,native
206739917,NSC,Nova Scotia,INTRODUCED,,introduced
206739917,OHI,Ohio,INTRODUCED,,introduced
206739917,OKL,Oklahoma,INTRODUCED,,introduced
206739917,ONT,Ontario,INTRODUCED,,introduced
206739917,ORE,Oregon,INTRODUCED,,introduced
206739917,PAK,Pakistan,,,native
206739917,PEN,Pennsylvania,INTRODUCED,,introduced
206739917,PER,Peru,INTRODUCED,,introduced
206739917,POL,Poland,,,native
206739917,POR,Portugal,,,native
206739917,PRM,Primorye,INTRODUCED,,introduced
206739917,PEI,Prince Edward I.,INTRODUCED,,introduced
206739917,QLD,Queensland,INTRODUCED,,introduced
206739917,QUE,Québec,INTRODUCED,,introduced
206739917,RHO,Rhode I.,INTRODUCED,,introduced
206739917,ROM,Romania,,,native
206739917,REU,Réunion,INTRODUCED,,introduced
206739917,SAK,Sakhalin,INTRODUCED,,introduced
206739917,SAR,Sardegna,,,native
206739917,SAS,Saskatchewan,INTRODUCED,,introduced
206739917,SAU,Saudi Arabia,,,native
206739917,SIC,Sicilia,,,native
206739917,SOA,South Australia,INTRODUCED,,introduced
206739917,SCA,South Carolina,INTRODUCED,,introduced
206739917,SDA,South Dakota,INTRODUCED,,introduced
206739917,RUS,South European Russia,,,native
206739917,SPA,Spain,,,native
206739917,SWE,Sweden,,,native
206739917,SWI,Switzerland,,,native
206739917,TZK,Tadzhikistan,,,native
206739917,TAI,Taiwan,INTRODUCED,,introduced
206739917,TAS,Tasmania,INTRODUCED,,introduced
206739917,TEN,Tennessee,INTRODUCED,,introduced
206739917,TEX,Texas,INTRODUCED,,introduced
206739917,TCS,Transcaucasus,,,native
206739917,TUN,Tunisia,,,native
206739917,TKM,Turkmenistan,,,native
206739917,TVA,Tuva,,,native
206739917,TUE,Türkiye-in-Europe,,,native
206739917,TUR,Türkiye,,,native
206739917,UKR,Ukraine,,,native
206739917,URU,Uruguay,INTRODUCED,,introduced
206739917,UTA,Utah,INTRODUCED,,introduced
206739917,UZB,Uzbekistan,,,native
206739917,VER,Vermont,INTRODUCED,,introduced
206739917,VIC,Victoria,INTRODUCED,,introduced
206739917,VRG,Virginia,INTRODUCED,,introduced
206739917,WAS,Washington,INTRODUCED,,introduced
206739917,WHM,West Himalaya,,,native
206739917,WSB,West Siberia,,,native
206739917,WVA,West Virginia,INTRODUCED,,introduced
206739917,WAU,Western Australia,INTRODUCED,,introduced
206739917,WIS,Wisconsin,INTRODUCED,,introduced
206739917,WYO,Wyoming,INTRODUCED,,introduced
206739917,CHX,Xinjiang,,,native
206739917,YEM,Yemen,,,native
206740172,AMU,Amur,,,native
206740172,CHN,China North-Central,,,native
206740172,CHS,China Southeast,,,native
206740172,CTA,Chita,,,native
206740172,CHI,Inner Mongolia,,,native
206740172,KHA,Khabarovsk,,,native
206740172,KOR,Korea,,,native
206740172,CHM,Manchuria,,,native
206740172,MON,Mongolia,,,native
206740172,PRM,Primorye,,,native
206740230,ASS,Assam,,,native
206740230,EHM,East Himalaya,,,native
206740230,MYA,Myanmar,,,native
206740230,NEP,Nepal,,,native
206740230,PAK,Pakistan,,,native
206740230,CHT,Tibet,,,native
206740230,VIE,Vietnam,,,native
206740230,WHM,West Himalaya,,,native
206740249,MXC,Mexico Central,,,native
206740249,MXE,Mexico Northeast,,,native
206740249,MXS,Mexico Southwest,,,native
206740265,SPA,Spain,,,native
206740278,ABT,Alberta,,,native
206740278,ARI,Arizona,,,native
206740278,BRC,British Columbia,,,native
206740278,CAL,California,,,native
206740278,COL,Colorado,,,native
206740278,GEO,Georgia,,,native
206740278,IDA,Idaho,,,native
206740278,ILL,Illinois,,,native
206740278,INI,Indiana,,,native
206740278,IOW,Iowa,,,native
206740278,KAN,Kansas,,,native
206740278,MAN,Manitoba,,,native
206740278,MXE,Mexico Northeast,INTRODUCED,,introduced
206740278,MIC,Michigan,,,native
206740278,MIN,Minnesota,,,native
206740278,MSO,Missouri,,,native
206740278,MNT,Montana,,,native
206740278,NEB,Nebraska,,,native
206740278,NWM,New Mexico,,,native
206740278,NDA,North Dakota,,,native
206740278,OKL,Oklahoma,,,native
206740278,ORE,Oregon,,,native
206740278,PEN,Pennsylvania,,,native
206740278,SAS,Saskatchewan,,,native
206740278,SDA,South Dakota,,,native
206740278,TEX,Texas,,,native
206740278,UTA,Utah,,,native
206740278,WAS,Washington,,,native
206740278,WIS,Wisconsin,,,native
206740278,WYO,Wyoming,,,native
206740311,IRQ,Iraq,,,native
206740311,NCS,North Caucasus,,,native
206740311,TCS,Transcaucasus,,,native
206740323,RUC,Central European Russia,,,native
206740323,RUS,South European Russia,,,native
206740323,UKR,Ukraine,,,native
206740339,ALB,Albania,,,native
206740339,GRC,Greece,,,native
206740339,YUG,NW. Balkan Pen.,,,native
206740341,MXE,Mexico Northeast,,,native
206740341,TEX,Texas,,,native
206740344,AFG,Afghanistan,,,native
206740344,IRN,Iran,,,native
206740344,KAZ,Kazakhstan,,,native
206740344,KGZ,Kirgizstan,,,native
206740344,TZK,Tadzhikistan,,,native
206740344,TKM,Turkmenistan,,,native
206740344,UZB,Uzbekistan,,,native
206740363,AUT,Austria,,,native
206740363,BGM,Belgium,INTRODUCED,,introduced
206740363,FRA,France,,,native
206740363,GER,Germany,,,native
206740363,GRB,Great Britain,,,native
206740363,ITA,Italy,,,native
206740363,YUG,NW. Balkan Pen.,,,native
206740363,POR,Portugal,,,native
206740363,SPA,Spain,,,native
206740363,SWI,Switzerland,,,native
206740479,JAP,Japan,,,native
206740485,NCS,North Caucasus,,,native
206740485,TCS,Transcaucasus,,,native
206740493,JAP,Japan,,,native
206740495,JAP,Japan,,,native
206740525,COS,Costa Rica,,,native
206740525,ELS,El Salvador,,,native
206740525,GUA,Guatemala,,,native
206740525,HON,Honduras,,,native
206740525,MXC,Mexico Central,,,native
206740525,MXG,Mexico Gulf,,,native
206740525,MXE,Mexico Northeast,,,native
206740525,MXT,Mexico Southeast,,,native
206740525,MXS,Mexico Southwest,,,native
206740525,NIC,Nicaragua,,,native
206740525,PAN,Panamá,,,native
206740595,JAP,Japan,,,native
206740595,NNS,Nansei-shoto,,,native
206740598,AUT,Austria,,,native
206740598,FRA,France,,,native
206740598,GER,Germany,,,native
206740598,ITA,Italy,,,native
206740598,YUG,NW. Balkan Pen.,,,native
206740598,SWI,Switzerland,,,native
206740674,JAP,Japan,,,native
206740702,CHN,China North-Central,,,native
206740702,CHC,China South-Central,,,native
206740702,EHM,East Himalaya,,,native
206740702,CHI,Inner Mongolia,,,native
206740702,CHQ,Qinghai,,,native
206740702,CHT,Tibet,,,native
206740712,COL,Colorado,,,native
206740712,NWM,New Mexico,,,native
206740712,UTA,Utah,,,native
206740733,AFG,Afghanistan,,,native
206740733,IRN,Iran,,,native
206740733,IRQ,Iraq,,,native
206740733,TCS,Transcaucasus,,,native
206740733,TKM,Turkmenistan,,,native
206740733,TUR,Türkiye,,,native
206740764,GUA,Guatemala,,,native
206740770,TUR,Türkiye,,,native
206740773,TUR,Türkiye,,,native
206740780,NCS,North Caucasus,,,native
206740780,TCS,Transcaucasus,,,native
206740780,TUR,Türkiye,,,native
206740796,KAZ,Kazakhstan,,,native
206740796,KGZ,Kirgizstan,,,native
206740796,MON,Mongolia,,,native
206740796,TZK,Tadzhikistan,,,native
206740796,UZB,Uzbekistan,,,native
206740796,CHX,Xinjiang,,,native
206740809,CHS,China Southeast,,,native
206740809,JAP,Japan,,,native
206740858,ASS,Assam,,,native
206740858,CHN,China North-Central,,,native
206740858,CHC,China South-Central,,,native
206740858,CHS,China Southeast,,,native
206740858,EHM,East Himalaya,,,native
206740858,IND,India,,,native
206740858,CHI,Inner Mongolia,,,native
206740858,MYA,Myanmar,,,native
206740858,CHQ,Qinghai,,,native
206740858,CHT,Tibet,,,native
206740858,WHM,West Himalaya,,,native
206740862,KOR,Korea,,,native
206740924,KAZ,Kazakhstan,,,native
206740924,KGZ,Kirgizstan,,,native
206740924,TZK,Tadzhikistan,,,native
206740924,UZB,Uzbekistan,,,native
206740924,CHX,Xinjiang,,,native
206740950,AMU,Amur,,,native
206740950,KHA,Khabarovsk,,,native
206740950,KOR,Korea,,,native
206740950,CHM,Manchuria,,,native
206740950,PRM,Primorye,,,native
206740950,SAK,Sakhalin,,,native
206740970,CAL,California,,,native
206740970,COL,Colorado,,,native
206740970,IDA,Idaho,,,native
206740970,MXN,Mexico Northwest,,,native
206740970,NEV,Nevada,,,native
206740970,ORE,Oregon,,,native
206740970,UTA,Utah,,,native
206740970,WYO,Wyoming,,,native
206741026,ABT,Alberta,,,native
206741026,BRC,British Columbia,,,native
206741026,CAL,California,,,native
206741026,COL,Colorado,,,native
206741026,IDA,Idaho,,,native
206741026,MNT,Montana,,,native
206741026,NEV,Nevada,,,native
206741026,ORE,Oregon,,,native
206741026,QUE,Québec,,,native
206741026,UTA,Utah,,,native
206741026,WAS,Washington,,,native
206741026,WYO,Wyoming,,,native
206741097,CAL,California,,,native
206741097,MXN,Mexico Northwest,,,native
206741126,KAZ,Kazakhstan,,,native
206741126,KGZ,Kirgizstan,,,native
206741126,TZK,Tadzhikistan,,,native
206741126,UZB,Uzbekistan,,,native
206741126,CHX,Xinjiang,,,native
206741142,RUC,Central European Russia,,,native
206741142,RUE,East European Russia,,,native
206741142,RUS,South European Russia,,,native
206741142,UKR,Ukraine,,,native
206741145,ALB,Albania,,,native
206741145,AUT,Austria,,,native
206741145,BLT,Baltic States,,,native
206741145,BLR,Belarus,,,native
206741145,RUC,Central European Russia,,,native
206741145,CZE,Czechia-Slovakia,,,native
206741145,FRA,France,,,native
206741145,GER,Germany,,,native
206741145,GRB,Great Britain,,,native
206741145,HUN,Hungary,,,native
206741145,YUG,NW. Balkan Pen.,,,native
206741145,RUW,Northwest European Russia,,,native
206741145,POL,Poland,,,native
206741145,ROM,Romania,,,native
206741145,SPA,Spain,,,native
206741145,SWE,Sweden,INTRODUCED,,introduced
206741145,SWI,Switzerland,,,native
206741145,UKR,Ukraine,,,native
206741293,AFG,Afghanistan,,,native
206741293,IRN,Iran,,,native
206741293,NCS,North Caucasus,,,native
206741293,PAK,Pakistan,,,native
206741293,TZK,Tadzhikistan,,,native
206741293,TCS,Transcaucasus,,,native
206741293,TKM,Turkmenistan,,,native
206741293,TUR,Türkiye,,,native
206741325,KOR,Korea,,,native
206741335,MXC,Mexico Central,,,native
206741335,MXG,Mexico Gulf,,,native
206741335,MXE,Mexico Northeast,,,native
206741335,MXN,Mexico Northwest,,,native
206741335,MXS,Mexico Southwest,,,native
206741347,GEO,Georgia,,,native
206741347,NCA,North Carolina,,,native
206741347,SCA,South Carolina,,,native
206741347,VRG,Virginia,,,native
206741358,CAL,California,,,native
206741358,ORE,Oregon,,,native
206741358,WAS,Washington,,,native
206741431,ARI,Arizona,,,native
206741431,COL,Colorado,,,native
206741431,NWM,New Mexico,,,native
206741431,UTA,Utah,,,native
206741431,WYO,Wyoming,,,native
206741459,GUA,Guatemala,,,native
206741459,HON,Honduras,,,native
206741459,MXG,Mexico Gulf,,,native
206741459,MXT,Mexico Southeast,,,native
206741472,CAL,California,,,native
206741496,FRA,France,,,native
206741496,MOR,Morocco,,,native
206741496,POR,Portugal,,,native
206741496,SPA,Spain,,,native
206741561,JAP,Japan,,,native
206741566,CNT,Connecticut,,,native
206741566,DEL,Delaware,,,native
206741566,ILL,Illinois,,,native
206741566,INI,Indiana,,,native
206741566,IOW,Iowa,,,native
206741566,MAI,Maine,,,native
206741566,MRY,Maryland,,,native
206741566,MAS,Massachusetts,,,native
206741566,MIC,Michigan,,,native
206741566,MIN,Minnesota,,,native
206741566,NWH,New Hampshire,,,native
206741566,NWJ,New Jersey,,,native
206741566,NWY,New York,,,native
206741566,NCA,North Carolina,,,native
206741566,OHI,Ohio,,,native
206741566,ONT,Ontario,,,native
206741566,PEN,Pennsylvania,,,native
206741566,RHO,Rhode I.,,,native
206741566,SCA,South Carolina,,,native
206741566,VER,Vermont,,,native
206741566,VRG,Virginia,,,native
206741566,WVA,West Virginia,,,native
206741566,WIS,Wisconsin,,,native
206741615,COL,Colorado,,,native
206741615,IDA,Idaho,,,native
206741615,MNT,Montana,,,native
206741615,NEB,Nebraska,,,native
206741615,UTA,Utah,,,native
206741615,WYO,Wyoming,,,native
206741629,NCS,North Caucasus,,,native
206741629,TCS,Transcaucasus,,,native
206741629,TUR,Türkiye,,,native
206741644,IRN,Iran,,,native
206741644,IRQ,Iraq,,,native
206741644,NCS,North Caucasus,,,native
206741644,TCS,Transcaucasus,,,native
206741644,TUR,Türkiye,,,native
206741673,ARK,Arkansas,,,native
206741673,LOU,Louisiana,,,native
206741673,MXE,Mexico Northeast,,,native
206741673,MSO,Missouri,,,native
206741673,NWM,New Mexico,,,native
206741673,OKL,Oklahoma,,,native
206741673,TEX,Texas,,,native
206741703,JAP,Japan,,,native
206741724,MXE,Mexico Northeast,,,native
206741739,ILL,Illinois,,,native
206741739,INI,Indiana,,,native
206741739,MIC,Michigan,,,native
206741739,ONT,Ontario,,,native
206741739,WIS,Wisconsin,,,native
206741761,LBS,Lebanon-Syria,,,native
206741761,PAL,Palestine,,,native
206741773,COL,Colorado,,,native
206741793,AMU,Amur,,,native
206741793,BRY,Buryatiya,,,native
206741793,CHN,China North-Central,,,native
206741793,CHC,China South-Central,,,native
206741793,CHS,China Southeast,,,native
206741793,CTA,Chita,,,native
206741793,CHI,Inner Mongolia,,,native
206741793,IRK,Irkutsk,,,native
206741793,JAP,Japan,,,native
206741793,KHA,Khabarovsk,,,native
206741793,KOR,Korea,,,native
206741793,CHM,Manchuria,,,native
206741793,MON,Mongolia,,,native
206741793,PRM,Primorye,,,native
206741829,ARI,Arizona,,,native
206741829,COL,Colorado,,,native
206741829,NWM,New Mexico,,,native
206741864,AUT,Austria,,,native
206741864,BLR,Belarus,,,native
206741864,BUL,Bulgaria,,,native
206741864,RUC,Central European Russia,,,native
206741864,CZE,Czechia-Slovakia,,,native
206741864,HUN,Hungary,,,native
206741864,ITA,Italy,,,native
206741864,YUG,NW. Balkan Pen.,,,native
206741864,POL,Poland,,,native
206741864,ROM,Romania,,,native
206741864,SPA,Spain,,,native
206741864,SWI,Switzerland,,,native
206741864,UKR,Ukraine,,,native
206742007,COL,Colorado,,,native
206742007,UTA,Utah,,,native
206742007,WYO,Wyoming,,,native
206742010,JAP,Japan,,,native
206742018,JAP,Japan,,,native
206742024,JAP,Japan,,,native
206742045,ALT,Altay,,,native
206742045,AUT,Austria,,,native
206742045,BLT,Baltic States,,,native
206742045,BLR,Belarus,,,native
206742045,BGM,Belgium,,,native
206742045,BUL,Bulgaria,,,native
206742045,RUC,Central European Russia,,,native
206742045,CZE,Czechia-Slovakia,,,native
206742045,DEN,Denmark,,,native
206742045,RUE,East European Russia,,,native
206742045,FIN,Finland,INTRODUCED,,introduced
206742045,FRA,France,,,native
206742045,GER,Germany,,,native
206742045,GRB,Great Britain,INTRODUCED,,introduced
206742045,HUN,Hungary,,,native
206742045,IRE,Ireland,INTRODUCED,,introduced
206742045,ITA,Italy,,,native
206742045,KAZ,Kazakhstan,,,native
206742045,KRA,Krasnoyarsk,INTRODUCED,,introduced
206742045,YUG,NW. Balkan Pen.,,,native
206742045,NET,Netherlands,,,native
206742045,RUN,North European Russia,,,native
206742045,RUW,Northwest European Russia,,,native
206742045,NOR,Norway,,,native
206742045,POL,Poland,,,native
206742045,ROM,Romania,,,native
206742045,SPA,Spain,,,native
206742045,SWE,Sweden,,,native
206742045,SWI,Switzerland,,,native
206742045,UKR,Ukraine,,,native
206742045,WSB,West Siberia,,,native
206742138,CAL,California,,,native
206742138,COL,Colorado,,,native
206742138,KAN,Kansas,,,native
206742138,MXE,Mexico Northeast,,,native
206742138,NEB,Nebraska,,,native
206742138,NWM,New Mexico,,,native
206742138,OKL,Oklahoma,,,native
206742138,SDA,South Dakota,,,native
206742138,TEX,Texas,,,native
206742138,UTA,Utah,,,native
206742138,WYO,Wyoming,,,native
206742170,CAL,California,,,native
206742170,MXN,Mexico Northwest,,,native
206742170,NEV,Nevada,,,native
206742170,ORE,Oregon,,,native
206742276,IRN,Iran,,,native
206742276,NCS,North Caucasus,,,native
206742276,TCS,Transcaucasus,,,native
206742276,TUR,Türkiye,,,native
206742291,ALA,Alabama,,,native
206742291,FLA,Florida,,,native
206742291,GEO,Georgia,,,native
206742291,LOU,Louisiana,,,native
206742291,MSI,Mississippi,,,native
206742291,NCA,North Carolina,,,native
206742291,SCA,South Carolina,,,native
206742291,TEX,Texas,,,native
206742291,VRG,Virginia,,,native
206742308,JAP,Japan,,,native
206742313,MXC,Mexico Central,,,native
206742313,MXG,Mexico Gulf,,,native
206742313,MXS,Mexico Southwest,,,native
206742325,JAP,Japan,,,native
206742325,KOR,Korea,,,native
206742403,ARI,Arizona,,,native
206742403,CAL,California,,,native
206742403,COL,Colorado,,,native
206742403,MXE,Mexico Northeast,,,native
206742403,MXN,Mexico Northwest,,,native
206742403,NEV,Nevada,,,native
206742403,NWM,New Mexico,,,native
206742403,TEX,Texas,,,native
206742403,UTA,Utah,,,native
206742444,JAP,Japan,,,native
206742453,JAP,Japan,,,native
206742455,ALA,Alabama,,,native
206742455,ARK,Arkansas,,,native
206742455,CNT,Connecticut,,,native
206742455,DEL,Delaware,,,native
206742455,FLA,Florida,,,native
206742455,GEO,Georgia,,,native
206742455,ILL,Illinois,,,native
206742455,INI,Indiana,,,native
206742455,IOW,Iowa,,,native
206742455,KTY,Kentucky,,,native
206742455,LAB,Labrador,,,native
206742455,LOU,Louisiana,,,native
206742455,MAI,Maine,,,native
206742455,MAN,Manitoba,,,native
206742455,MRY,Maryland,,,native
206742455,MAS,Massachusetts,,,native
206742455,MIC,Michigan,,,native
206742455,MIN,Minnesota,,,native
206742455,MSO,Missouri,,,native
206742455,NBR,New Brunswick,,,native
206742455,NWH,New Hampshire,,,native
206742455,NWJ,New Jersey,,,native
206742455,NWY,New York,,,native
206742455,NFL,Newfoundland,,,native
206742455,NCA,North Carolina,,,native
206742455,NDA,North Dakota,,,native
206742455,NSC,Nova Scotia,,,native
206742455,OHI,Ohio,,,native
206742455,OKL,Oklahoma,,,native
206742455,ONT,Ontario,,,native
206742455,PEN,Pennsylvania,,,native
206742455,PEI,Prince Edward I.,,,native
206742455,QUE,Québec,,,native
206742455,RHO,Rhode I.,,,native
206742455,SAS,Saskatchewan,,,native
206742455,SCA,South Carolina,,,native
206742455,TEN,Tennessee,,,native
206742455,TEX,Texas,,,native
206742455,VER,Vermont,,,native
206742455,VRG,Virginia,,,native
206742455,WVA,West Virginia,,,native
206742455,WIS,Wisconsin,,,native
206742505,KRI,Kriti,,,native
206742538,NCS,North Caucasus,,,native
206742538,TCS,Transcaucasus,,,native
206742544,NCS,North Caucasus,,,native
206742544,TCS,Transcaucasus,,,native
206742544,TUR,Türkiye,,,native
206742550,CHI,Inner Mongolia,,,native
206742550,KHA,Khabarovsk,,,native
206742550,KOR,Korea,,,native
206742550,CHM,Manchuria,,,native
206742550,PRM,Primorye,,,native
206742568,PHI,Philippines,,,native
206742606,MNT,Montana,,,native
206742612,MXC,Mexico Central,,,native
206742633,ASS,Assam,,,native
206742633,CHN,China North-Central,,,native
206742633,CHC,China South-Central,,,native
206742633,CHS,China Southeast,,,native
206742633,JAP,Japan,,,native
206742633,KOR,Korea,,,native
206742633,TAI,Taiwan,,,native
206742633,THA,Thailand,,,native
206742633,VIE,Vietnam,,,native
206742695,ALB,Albania,,,native
206742695,BUL,Bulgaria,,,native
206742695,GRC,Greece,,,native
206742695,YUG,NW. Balkan Pen.,,,native
206742695,TUR,Türkiye,,,native
206742725,IRQ,Iraq,,,native
206742725,LBS,Lebanon-Syria,,,native
206742725,TUR,Türkiye,,,native
206742751,IRN,Iran,,,native
206742751,NCS,North Caucasus,,,native
206742751,TCS,Transcaucasus,,,native
206742751,TUR,Türkiye,,,native
206742811,FRA,France,,,native
206742811,GER,Germany,INTRODUCED,,introduced
206742811,ITA,Italy,,,native
206742811,POR,Portugal,,,native
206742811,SPA,Spain,,,native
206742846,CHN,China North-Central,,,native
206742846,CHC,China South-Central,,,native
206742857,ARI,Arizona,,,native
206742857,CAL,California,,,native
206742857,MXN,Mexico Northwest,,,native
206742857,NEV,Nevada,,,native
206742886,NCS,North Caucasus,,,native
206742886,TCS,Transcaucasus,,,native
206742886,TUR,Türkiye,,,native
206742907,ALT,Altay,,,native
206742907,KAZ,Kazakhstan,,,native
206742907,TVA,Tuva,,,native
206742927,JAP,Japan,,,native
206742945,ALU,Aleutian Is.,,,native
206742945,JAP,Japan,,,native
206742945,KAM,Kamchatka,,,native
206742945,KUR,Kuril Is.,,,native
206742945,SAK,Sakhalin,,,native
206742971,MXC,Mexico Central,,,native
206742971,MXG,Mexico Gulf,,,native
206742971,MXE,Mexico Northeast,,,native
206742971,MXS,Mexico Southwest,,,native
206742996,UTA,Utah,,,native
206743002,ALB,Albania,,,native
206743002,BUL,Bulgaria,,,native
206743002,COR,Corse,,,native
206743002,EAI,East Aegean Is.,,,native
206743002,FRA,France,,,native
206743002,GER,Germany,INTRODUCED,,introduced
206743002,GRC,Greece,,,native
206743002,ITA,Italy,,,native
206743002,SAR,Sardegna,,,native
206743002,SIC,Sicilia,,,native
206743002,TUE,Türkiye-in-Europe,,,native
206743002,TUR,Türkiye,,,native
206743015,NCS,North Caucasus,,,native
206743015,TCS,Transcaucasus,,,native
206743015,TUR,Türkiye,,,native
206743043,CAL,California,,,native
206743043,IDA,Idaho,,,native
206743043,NEV,Nevada,,,native
206743043,ORE,Oregon,,,native
206743043,UTA,Utah,,,native
206743043,WAS,Washington,,,native
206743043,WYO,Wyoming,,,native
206743080,TCS,Transcaucasus,,,native
206743080,TUE,Türkiye-in-Europe,,,native
206743080,TUR,Türkiye,,,native
206743088,CAL,California,,,native
206743117,ALA,Alabama,,,native
206743117,ARK,Arkansas,,,native
206743117,BAH,Bahamas,,,native
206743117,BLZ,Belize,,,native
206743117,CNT,Connecticut,,,native
206743117,DEL,Delaware,,,native
206743117,FLA,Florida,,,native
206743117,GEO,Georgia,,,native
206743117,GUA,Guatemala,,,native
206743117,HON,Honduras,,,native
206743117,LOU,Louisiana,,,native
206743117,MAI,Maine,,,native
206743117,MRY,Maryland,,,native
206743117,MAS,Massachusetts,,,native
206743117,MXC,Mexico Central,,,native
206743117,MXE,Mexico Northeast,,,native
206743117,MXT,Mexico Southeast,,,native
206743117,MXS,Mexico Southwest,,,native
206743117,MSI,Mississippi,,,native
206743117,NWH,New Hampshire,,,native
206743117,NWJ,New Jersey,,,native
206743117,NWY,New York,,,native
206743117,NCA,North Carolina,,,native
206743117,OKL,Oklahoma,,,native
206743117,PEN,Pennsylvania,,,native
206743117,RHO,Rhode I.,,,native
206743117,SCA,South Carolina,,,native
206743117,TEN,Tennessee,,,native
206743117,TEX,Texas,,,native
206743117,VRG,Virginia,,,native
206743186,ABT,Alberta,,,native
206743186,BRC,British Columbia,,,native
206743186,IDA,Idaho,,,native
206743186,MNT,Montana,,,native
206743186,WAS,Washington,,,native
206743186,WYO,Wyoming,,,native
206743207,JAP,Japan,,,native
206743210,ALB,Albania,,,native
206743210,BUL,Bulgaria,,,native
206743210,YUG,NW. Balkan Pen.,,,native
206743213,ALT,Altay,,,native
206743213,AUT,Austria,,,native
206743213,BLT,Baltic States,,,native
206743213,BLR,Belarus,,,native
206743213,BGM,Belgium,,,native
206743213,BRY,Buryatiya,,,native
206743213,RUC,Central European Russia,,,native
206743213,CTA,Chita,,,native
206743213,CZE,Czechia-Slovakia,,,native
206743213,DEN,Denmark,,,native
206743213,RUE,East European Russia,,,native
206743213,FIN,Finland,,,native
206743213,FRA,France,,,native
206743213,FOR,Føroyar,INTRODUCED,,introduced
206743213,GER,Germany,,,native
206743213,GRB,Great Britain,,,native
206743213,GNL,Greenland,,,native
206743213,ICE,Iceland,INTRODUCED,,introduced
206743213,IRE,Ireland,,,native
206743213,IRK,Irkutsk,,,native
206743213,ITA,Italy,,,native
206743213,KRA,Krasnoyarsk,,,native
206743213,MON,Mongolia,,,native
206743213,YUG,NW. Balkan Pen.,,,native
206743213,NCS,North Caucasus,,,native
206743213,RUN,North European Russia,,,native
206743213,RUW,Northwest European Russia,,,native
206743213,NOR,Norway,,,native
206743213,POL,Poland,,,native
206743213,ROM,Romania,,,native
206743213,SPA,Spain,,,native
206743213,SWE,Sweden,,,native
206743213,SWI,Switzerland,,,native
206743213,TVA,Tuva,,,native
206743213,UKR,Ukraine,,,native
206743213,WSB,West Siberia,,,native
206743213,YAK,Yakutiya,,,native
206743351,JAP,Japan,,,native
206743354,JAP,Japan,,,native
206743372,JAP,Japan,,,native
206743377,ARI,Arizona,,,native
206743377,MXE,Mexico Northeast,,,native
206743377,MXN,Mexico Northwest,,,native
206743377,MXS,Mexico Southwest,,,native
206743377,NWM,New Mexico,,,native
206743392,FRA,France,,,native
206743392,SPA,Spain,,,native
206743411,NCS,North Caucasus,,,native
206743411,TCS,Transcaucasus,,,native
206743465,ABT,Alberta,,,native
206743465,BRC,British Columbia,,,native
206743465,NWT,Northwest Territories,,,native
206743465,WYO,Wyoming,,,native
206743465,YUK,Yukon,,,native
206743475,ABT,Alberta,,,native
206743475,COL,Colorado,,,native
206743475,ILL,Illinois,,,native
206743475,IOW,Iowa,,,native
206743475,KAN,Kansas,,,native
206743475,MAN,Manitoba,,,native
206743475,MIC,Michigan,,,native
206743475,MIN,Minnesota,,,native
206743475,MNT,Montana,,,native
206743475,NEB,Nebraska,,,native
206743475,NWY,New York,INTRODUCED,,introduced
206743475,NDA,North Dakota,,,native
206743475,ONT,Ontario,,,native
206743475,QUE,Québec,,,native
206743475,SAS,Saskatchewan,,,native
206743475,SDA,South Dakota,,,native
206743475,WIS,Wisconsin,,,native
206743475,WYO,Wyoming,,,native
206743559,MXC,Mexico Central,,,native
206743559,MXS,Mexico Southwest,,,native
206743569,IRN,Iran,,,native
206743569,IRQ,Iraq,,,native
206743569,LBS,Lebanon-Syria,,,native
206743569,NCS,North Caucasus,,,native
206743569,TCS,Transcaucasus,,,native
206743569,TUR,Türkiye,,,native
206743672,CHN,China North-Central,,,native
206743672,CHC,China South-Central,,,native
206743672,CHS,China Southeast,,,native
206743672,CHI,Inner Mongolia,,,native
206743688,ALA,Alabama,,,native
206743688,FLA,Florida,,,native
206743688,LOU,Louisiana,,,native
206743688,MSI,Mississippi,,,native
206743688,NCA,North Carolina,,,native
206743688,SCA,South Carolina,,,native
206743703,MDR,Madeira,,,native
206743717,KRY,Krym,,,native
206743717,TUE,Türkiye-in-Europe,,,native
206743717,TUR,Türkiye,,,native
206743717,UKR,Ukraine,,,native
206743772,ALB,Albania,,,native
206743772,AUT,Austria,,,native
206743772,BLR,Belarus,,,native
206743772,CZE,Czechia-Slovakia,,,native
206743772,FRA,France,,,native
206743772,GRB,Great Britain,INTRODUCED,,introduced
206743772,HUN,Hungary,,,native
206743772,ITA,Italy,,,native
206743772,YUG,NW. Balkan Pen.,,,native
206743772,POL,Poland,,,native
206743772,ROM,Romania,,,native
206743772,SPA,Spain,,,native
206743772,SWI,Switzerland,,,native
206743772,UKR,Ukraine,,,native
206743958,CHC,China South-Central,,,native
206743958,EHM,East Himalaya,,,native
206743958,MYA,Myanmar,,,native
206743958,CHT,Tibet,,,native
206743972,LOU,Louisiana,,,native
206743972,OKL,Oklahoma,,,native
206743972,TEX,Texas,,,native
206743994,NCS,North Caucasus,,,native
206744000,MXC,Mexico Central,,,native
206744000,MXG,Mexico Gulf,,,native
206744000,MXE,Mexico Northeast,,,native
206744000,MXN,Mexico Northwest,,,native
206744000,MXS,Mexico Southwest,,,native
206744003,ASK,Alaska,,,native
206744003,BRC,British Columbia,,,native
206744003,ORE,Oregon,,,native
206744003,WAS,Washington,,,native
206744038,IRN,Iran,,,native
206744038,NCS,North Caucasus,,,native
206744038,TCS,Transcaucasus,,,native
206744038,TUE,Türkiye-in-Europe,,,native
206744038,TUR,Türkiye,,,native
206744085,NEV,Nevada,,,native
206744085,ORE,Oregon,,,native
206744091,COL,Colorado,,,native
206744108,COL,Colorado,,,native
206744108,NWM,New Mexico,,,native
206744108,UTA,Utah,,,native
206744126,NEV,Nevada,,,native
206744126,UTA,Utah,,,native
206744146,COL,Colorado,,,native
206744146,IDA,Idaho,,,native
206744146,MNT,Montana,,,native
206744146,NEV,Nevada,,,native
206744146,UTA,Utah,,,native
206744146,WYO,Wyoming,,,native
206744165,NEV,Nevada,,,native
206744167,MOR,Morocco,,,native
206744180,ABT,Alberta,,,native
206744180,BRC,British Columbia,,,native
206744180,COL,Colorado,,,native
206744180,MAN,Manitoba,,,native
206744180,NWT,Northwest Territories,,,native
206744180,ONT,Ontario,,,native
206744180,SAS,Saskatchewan,,,native
206744180,SDA,South Dakota,,,native
206744180,WYO,Wyoming,,,native
206744192,CAL,California,,,native
206744192,NEV,Nevada,,,native
206744192,ORE,Oregon,,,native
206744236,BGM,Belgium,,,native
206744236,FRA,France,,,native
206744236,GER,Germany,,,native
206744236,GRB,Great Britain,,,native
206744236,IRE,Ireland,,,native
206744236,NET,Netherlands,,,native
206744236,NOR,Norway,,,native
206744373,NCS,North Caucasus,,,native
206744388,NCS,North Caucasus,,,native
206744388,TCS,Transcaucasus,,,native
206744391,CAL,California,,,native
206744391,IDA,Idaho,,,native
206744391,MNT,Montana,,,native
206744391,NEV,Nevada,,,native
206744391,ORE,Oregon,,,native
206744391,WYO,Wyoming,,,native
206744419,GUA,Guatemala,,,native
206744424,JAP,Japan,,,native
206744427,MXE,Mexico Northeast,,,native
206744481,COL,Colorado,,,native
206744481,UTA,Utah,,,native
206744481,WYO,Wyoming,,,native
206744505,COL,Colorado,,,native
206744505,UTA,Utah,,,native
206744512,CAL,California,,,native
206744512,ORE,Oregon,,,native
206744527,RUC,Central European Russia,,,native
206744527,RUE,East European Russia,,,native
206744527,IRN,Iran,,,native
206744527,IRQ,Iraq,,,native
206744527,NCS,North Caucasus,,,native
206744527,ROM,Romania,,,native
206744527,RUS,South European Russia,,,native
206744527,TCS,Transcaucasus,,,native
206744527,TUR,Türkiye,,,native
206744527,UKR,Ukraine,,,native
206744570,JAP,Japan,,,native
206744573,NCS,North Caucasus,,,native
206744573,TCS,Transcaucasus,,,native
206744578,ASS,Assam,,,native
206744578,CHN,China North-Central,,,native
206744578,CHC,China South-Central,,,native
206744578,CHS,China Southeast,,,native
206744578,CHI,Inner Mongolia,,,native
206744578,CHM,Manchuria,,,native
206744578,MYA,Myanmar,,,native
206744600,KUR,Kuril Is.,,,native
206744605,NCS,North Caucasus,,,native
206744605,TCS,Transcaucasus,,,native
206744605,TUR,Türkiye,,,native
206744610,ALA,Alabama,,,native
206744610,ARK,Arkansas,,,native
206744610,GEO,Georgia,,,native
206744610,ILL,Illinois,,,native
206744610,INI,Indiana,,,native
206744610,KTY,Kentucky,,,native
206744610,LOU,Louisiana,,,native
206744610,MSI,Mississippi,,,native
206744610,MSO,Missouri,,,native
206744610,NCA,North Carolina,,,native
206744610,OHI,Ohio,,,native
206744610,OKL,Oklahoma,,,native
206744610,SCA,South Carolina,,,native
206744610,TEN,Tennessee,,,native
206744610,TEX,Texas,,,native
206744662,AUT,Austria,,,native
206744662,BLR,Belarus,,,native
206744662,BUL,Bulgaria,,,native
206744662,RUC,Central European Russia,,,native
206744662,CZE,Czechia-Slovakia,,,native
206744662,RUE,East European Russia,,,native
206744662,FRA,France,,,native
206744662,GER,Germany,,,native
206744662,HUN,Hungary,,,native
206744662,IRN,Iran,,,native
206744662,IRQ,Iraq,,,native
206744662,ITA,Italy,,,native
206744662,YUG,NW. Balkan Pen.,,,native
206744662,NCS,North Caucasus,,,native
206744662,POL,Poland,,,native
206744662,ROM,Romania,,,native
206744662,RUS,South European Russia,,,native
206744662,SWE,Sweden,,,native
206744662,SWI,Switzerland,,,native
206744662,TCS,Transcaucasus,,,native
206744662,TUR,Türkiye,,,native
206744662,UKR,Ukraine,,,native
206744662,WSB,West Siberia,,,native
206744679,CAL,California,,,native
206744679,COL,Colorado,,,native
206744679,MSO,Missouri,,,native
206744679,MNT,Montana,,,native
206744679,NEB,Nebraska,,,native
206744679,NEV,Nevada,,,native
206744679,SDA,South Dakota,,,native
206744679,WYO,Wyoming,,,native
206744718,ALB,Albania,,,native
206744718,BUL,Bulgaria,,,native
206744718,GRC,Greece,,,native
206744718,YUG,NW. Balkan Pen.,,,native
206744718,ROM,Romania,,,native
206744718,TUE,Türkiye-in-Europe,,,native
206744738,ASS,Assam,,,native
206744738,EHM,East Himalaya,,,native
206744738,MYA,Myanmar,,,native
206744738,NEP,Nepal,,,native
206744738,PAK,Pakistan,,,native
206744738,CHT,Tibet,,,native
206744738,WHM,West Himalaya,,,native
206744768,NCS,North Caucasus,,,native
206744768,TCS,Transcaucasus,,,native
206744771,ALT,Altay,,,native
206744771,AMU,Amur,INTRODUCED,,introduced
206744771,RUC,Central European Russia,,,native
206744771,CHN,China North-Central,,,native
206744771,RUE,East European Russia,,,native
206744771,CHI,Inner Mongolia,,,native
206744771,KAZ,Kazakhstan,,,native
206744771,KHA,Khabarovsk,INTRODUCED,,introduced
206744771,KGZ,Kirgizstan,,,native
206744771,KRA,Krasnoyarsk,,,native
206744771,CHM,Manchuria,,,native
206744771,MON,Mongolia,,,native
206744771,NCS,North Caucasus,,,native
206744771,RUS,South European Russia,,,native
206744771,TZK,Tadzhikistan,,,native
206744771,TCS,Transcaucasus,,,native
206744771,TVA,Tuva,,,native
206744771,TUR,Türkiye,,,native
206744771,UKR,Ukraine,,,native
206744771,UZB,Uzbekistan,,,native
206744771,WSB,West Siberia,,,native
206744771,CHX,Xinjiang,,,native
206744771,YAK,Yakutiya,INTRODUCED,,introduced
206744799,JAP,Japan,,,native
206744807,IRN,Iran,,,native
206744807,IRQ,Iraq,,,native
206744807,TCS,Transcaucasus,,,native
206744807,TUR,Türkiye,,,native
206744816,AUT,Austria,,,native
206744816,CZE,Czechia-Slovakia,,,native
206744816,HUN,Hungary,,,native
206744816,YUG,NW. Balkan Pen.,,,native
206744816,ROM,Romania,,,native
206744846,CHC,China South-Central,,,native
206744846,CHS,China Southeast,,,native
206744868,JAP,Japan,,,native
206744878,OGA,Ogasawara-shoto,,,native
206744889,MXE,Mexico Northeast,,,native
206744892,ITA,Italy,,,native
206744911,COL,Colorado,,,native
206744911,UTA,Utah,,,native
206744911,WYO,Wyoming,,,native
206744921,JAP,Japan,,,native
206744930,CHN,China North-Central,,,native
206744930,CHC,China South-Central,,,native
206744930,CHS,China Southeast,,,native
206744930,CHI,Inner Mongolia,,,native
206744930,JAP,Japan,,,native
206744930,KOR,Korea,,,native
206744930,POL,Poland,INTRODUCED,,introduced
206744930,CHQ,Qinghai,,,native
206744930,TAI,Taiwan,,,native
206744930,VIE,Vietnam,,,native
206744933,CHN,China North-Central,,,native
206744933,CHC,China South-Central,,,native
206744933,CHS,China Southeast,,,native
206744933,CHI,Inner Mongolia,,,native
206744933,JAP,Japan,,,native
206744933,KOR,Korea,,,native
206744933,POL,Poland,INTRODUCED,,introduced
206744933,CHQ,Qinghai,,,native
206744933,TAI,Taiwan,,,native
206744933,VIE,Vietnam,,,native
206745077,AFG,Afghanistan,,,native
206745077,ALA,Alabama,INTRODUCED,,introduced
206745077,ASK,Alaska,INTRODUCED,,introduced
206745077,ALB,Albania,,,native
206745077,ABT,Alberta,INTRODUCED,,introduced
206745077,ALG,Algeria,,,native
206745077,ALT,Altay,,,native
206745077,AMU,Amur,,,native
206745077,AGE,Argentina Northeast,INTRODUCED,,introduced
206745077,AGW,Argentina Northwest,INTRODUCED,,introduced
206745077,AGS,Argentina South,INTRODUCED,,introduced
206745077,ARI,Arizona,INTRODUCED,,introduced
206745077,ARK,Arkansas,INTRODUCED,,introduced
206745077,ASS,Assam,,,native
206745077,AUT,Austria,,,native
206745077,AZO,Azores,,,native
206745077,BAL,Baleares,,,native
206745077,BLT,Baltic States,,,native
206745077,BAN,Bangladesh,,,native
206745077,BLR,Belarus,,,native
206745077,BGM,Belgium,,,native
206745077,BRC,British Columbia,INTRODUCED,,introduced
206745077,BUL,Bulgaria,,,native
206745077,BRY,Buryatiya,,,native
206745077,CAL,California,INTRODUCED,,introduced
206745077,CPP,Cape Provinces,INTRODUCED,,introduced
206745077,RUC,Central European Russia,,,native
206745077,CTM,Chatham Is.,INTRODUCED,,introduced
206745077,CLC,Chile Central,INTRODUCED,,introduced
206745077,CLN,Chile North,INTRODUCED,,introduced
206745077,CLS,Chile South,INTRODUCED,,introduced
206745077,CHN,China North-Central,,,native
206745077,CHC,China South-Central,,,native
206745077,CHS,China Southeast,,,native
206745077,COL,Colorado,INTRODUCED,,introduced
206745077,CNT,Connecticut,INTRODUCED,,introduced
206745077,COR,Corse,,,native
206745077,CYP,Cyprus,,,native
206745077,CZE,Czechia-Slovakia,,,native
206745077,DEL,Delaware,INTRODUCED,,introduced
206745077,DEN,Denmark,,,native
206745077,WDC,District of Columbia,INTRODUCED,,introduced
206745077,RUE,East European Russia,,,native
206745077,EHM,East Himalaya,,,native
206745077,FAL,Falkland Is.,INTRODUCED,,introduced
206745077,FIN,Finland,,,native
206745077,FRA,France,,,native
206745077,FOR,Føroyar,,,native
206745077,GEO,Georgia,INTRODUCED,,introduced
206745077,GER,Germany,,,native
206745077,GRB,Great Britain,,,native
206745077,GRC,Greece,,,native
206745077,GNL,Greenland,INTRODUCED,,introduced
206745077,HUN,Hungary,,,native
206745077,ICE,Iceland,INTRODUCED,,introduced
206745077,IDA,Idaho,INTRODUCED,,introduced
206745077,ILL,Illinois,INTRODUCED,,introduced
206745077,INI,Indiana,INTRODUCED,,introduced
206745077,IND,India,,,native
206745077,CHI,Inner Mongolia,,,native
206745077,IOW,Iowa,INTRODUCED,,introduced
206745077,IRN,Iran,,,native
206745077,IRQ,Iraq,,,native
206745077,IRE,Ireland,,,native
206745077,ITA,Italy,,,native
206745077,JAP,Japan,,,native
206745077,KAM,Kamchatka,,,native
206745077,KAN,Kansas,INTRODUCED,,introduced
206745077,KAZ,Kazakhstan,,,native
206745077,KTY,Kentucky,INTRODUCED,,introduced
206745077,KHA,Khabarovsk,,,native
206745077,KGZ,Kirgizstan,,,native
206745077,KOR,Korea,,,native
206745077,KRA,Krasnoyarsk,,,native
206745077,KRY,Krym,,,native
206745077,KUR,Kuril Is.,,,native
206745077,LAB,Labrador,INTRODUCED,,introduced
206745077,LBS,Lebanon-Syria,,,native
206745077,MAG,Magadan,,,native
206745077,MAI,Maine,INTRODUCED,,introduced
206745077,CHM,Manchuria,,,native
206745077,MAN,Manitoba,INTRODUCED,,introduced
206745077,MRY,Maryland,INTRODUCED,,introduced
206745077,MAS,Massachusetts,INTRODUCED,,introduced
206745077,MIC,Michigan,INTRODUCED,,introduced
206745077,MIN,Minnesota,INTRODUCED,,introduced
206745077,MSO,Missouri,INTRODUCED,,introduced
206745077,MON,Mongolia,,,native
206745077,MNT,Montana,INTRODUCED,,introduced
206745077,MYA,Myanmar,INTRODUCED,,introduced
206745077,YUG,NW. Balkan Pen.,,,native
206745077,NEB,Nebraska,INTRODUCED,,introduced
206745077,NEP,Nepal,,,native
206745077,NET,Netherlands,,,native
206745077,NEV,Nevada,INTRODUCED,,introduced
206745077,NBR,New Brunswick,INTRODUCED,,introduced
206745077,NWH,New Hampshire,INTRODUCED,,introduced
206745077,NWJ,New Jersey,INTRODUCED,,introduced
206745077,NWM,New Mexico,INTRODUCED,,introduced
206745077,NSW,New South Wales,INTRODUCED,,introduced
206745077,NWY,New York,INTRODUCED,,introduced
206745077,NZN,New Zealand North,INTRODUCED,,introduced
206745077,NZS,New Zealand South,INTRODUCED,,introduced
206745077,NFL,Newfoundland,INTRODUCED,,introduced
206745077,NCA,North Carolina,INTRODUCED,,introduced
206745077,NCS,North Caucasus,,,native
206745077,NDA,North Dakota,INTRODUCED,,introduced
206745077,RUN,North European Russia,,,native
206745077,TVL,Northern Provinces,INTRODUCED,,introduced
206745077,NTA,Northern Territory,INTRODUCED,,introduced
206745077,RUW,Northwest European Russia,,,native
206745077,NWT,Northwest Territories,INTRODUCED,,introduced
206745077,NOR,Norway,,,native
206745077,NSC,Nova Scotia,INTRODUCED,,introduced
206745077,NUN,Nunavut,INTRODUCED,,introduced
206745077,OHI,Ohio,INTRODUCED,,introduced
206745077,OKL,Oklahoma,INTRODUCED,,introduced
206745077,ONT,Ontario,INTRODUCED,,introduced
206745077,ORE,Oregon,INTRODUCED,,introduced
206745077,PAK,Pakistan,,,native
206745077,PAL,Palestine,,,native
206745077,PAR,Paraguay,INTRODUCED,,introduced
206745077,PEN,Pennsylvania,INTRODUCED,,introduced
206745077,POL,Poland,,,native
206745077,POR,Portugal,,,native
206745077,PRM,Primorye,,,native
206745077,PEI,Prince Edward I.,INTRODUCED,,introduced
206745077,CHQ,Qinghai,,,native
206745077,QLD,Queensland,INTRODUCED,,introduced
206745077,QUE,Québec,INTRODUCED,,introduced
206745077,RHO,Rhode I.,INTRODUCED,,introduced
206745077,ROM,Romania,,,native
206745077,SAK,Sakhalin,,,native
206745077,SAR,Sardegna,,,native
206745077,SAS,Saskatchewan,INTRODUCED,,introduced
206745077,SIC,Sicilia,,,native
206745077,SIN,Sinai,,,native
206745077,SOA,South Australia,INTRODUCED,,introduced
206745077,SDA,South Dakota,INTRODUCED,,introduced
206745077,RUS,South European Russia,,,native
206745077,SPA,Spain,,,native
206745077,SWE,Sweden,,,native
206745077,SWI,Switzerland,,,native
206745077,TZK,Tadzhikistan,,,native
206745077,TAS,Tasmania,INTRODUCED,,introduced
206745077,TEN,Tennessee,INTRODUCED,,introduced
206745077,TEX,Texas,INTRODUCED,,introduced
206745077,CHT,Tibet,,,native
206745077,TCS,Transcaucasus,,,native
206745077,TKM,Turkmenistan,,,native
206745077,TVA,Tuva,,,native
206745077,TUE,Türkiye-in-Europe,,,native
206745077,TUR,Türkiye,,,native
206745077,UKR,Ukraine,,,native
206745077,URU,Uruguay,INTRODUCED,,introduced
206745077,UTA,Utah,INTRODUCED,,introduced
206745077,UZB,Uzbekistan,,,native
206745077,VER,Vermont,INTRODUCED,,introduced
206745077,VIC,Victoria,INTRODUCED,,introduced
206745077,VRG,Virginia,INTRODUCED,,introduced
206745077,WAS,Washington,INTRODUCED,,introduced
206745077,WHM,West Himalaya,,,native
206745077,WSB,West Siberia,,,native
206745077,WVA,West Virginia,INTRODUCED,,introduced
206745077,WAU,Western Australia,INTRODUCED,,introduced
206745077,WIS,Wisconsin,INTRODUCED,,introduced
206745077,WYO,Wyoming,INTRODUCED,,introduced
206745077,CHX,Xinjiang,,,native
206745077,YAK,Yakutiya,,,native
206745077,YUK,Yukon,INTRODUCED,,introduced
206745378,BLZ,Belize,,,native
206745378,CLM,Colombia,,,native
206745378,COS,Costa Rica,,,native
206745378,CUB,Cuba,INTRODUCED,,introduced
206745378,DOM,Dominican Republic,INTRODUCED,,introduced
206745378,ELS,El Salvador,,,native
206745378,GUA,Guatemala,,,native
206745378,HON,Honduras,,,native
206745378,MXC,Mexico Central,,,native
206745378,MXG,Mexico Gulf,,,native
206745378,MXE,Mexico Northeast,,,native
206745378,MXN,Mexico Northwest,,,native
206745378,MXT,Mexico Southeast,,,native
206745378,MXS,Mexico Southwest,,,native
206745378,NIC,Nicaragua,,,native
206745378,PAN,Panamá,,,native
206745378,PUE,Puerto Rico,INTRODUCED,,introduced
206745439,MXC,Mexico Central,,,native
206745439,MXG,Mexico Gulf,,,native
206745439,MXS,Mexico Southwest,,,native
206745457,ALB,Albania,,,native
206745457,BUL,Bulgaria,,,native
206745457,COR,Corse,,,native
206745457,EAI,East Aegean Is.,,,native
206745457,GRC,Greece,,,native
206745457,IRN,Iran,,,native
206745457,ITA,Italy,,,native
206745457,KRI,Kriti,,,native
206745457,LBS,Lebanon-Syria,,,native
206745457,LBY,Libya,,,native
206745457,YUG,NW. Balkan Pen.,,,native
206745457,PAL,Palestine,,,native
206745457,ROM,Romania,,,native
206745457,SIC,Sicilia,,,native
206745457,TUE,Türkiye-in-Europe,,,native
206745457,TUR,Türkiye,,,native
206745496,MXC,Mexico Central,,,native
206745496,MXE,Mexico Northeast,,,native
206745496,MXS,Mexico Southwest,,,native
206745508,AUT,Austria,,,native
206745508,BLT,Baltic States,,,native
206745508,BGM,Belgium,,,native
206745508,CZE,Czechia-Slovakia,,,native
206745508,DEN,Denmark,,,native
206745508,FRA,France,,,native
206745508,GER,Germany,,,native
206745508,GRB,Great Britain,,,native
206745508,ITA,Italy,,,native
206745508,YUG,NW. Balkan Pen.,,,native
206745508,NET,Netherlands,,,native
206745508,NOR,Norway,,,native
206745508,POL,Poland,,,native
206745508,ROM,Romania,,,native
206745508,SAR,Sardegna,,,native
206745508,SPA,Spain,,,native
206745508,SWE,Sweden,,,native
206745508,SWI,Switzerland,,,native
206745600,MXE,Mexico Northeast,,,native
206745600,MXS,Mexico Southwest,,,native
206745653,IRN,Iran,,,native
206745653,IRQ,Iraq,,,native
206745653,TCS,Transcaucasus,,,native
206745653,TUR,Türkiye,,,native
206745656,ALT,Altay,,,native
206745656,BUL,Bulgaria,,,native
206745656,RUC,Central European Russia,,,native
206745656,RUE,East European Russia,,,native
206745656,IRN,Iran,,,native
206745656,IRQ,Iraq,,,native
206745656,KAZ,Kazakhstan,,,native
206745656,KGZ,Kirgizstan,,,native
206745656,KRY,Krym,,,native
206745656,NCS,North Caucasus,,,native
206745656,PAL,Palestine,,,native
206745656,ROM,Romania,,,native
206745656,RUS,South European Russia,,,native
206745656,TZK,Tadzhikistan,,,native
206745656,TCS,Transcaucasus,,,native
206745656,TUR,Türkiye,,,native
206745656,UKR,Ukraine,,,native
206745656,UZB,Uzbekistan,,,native
206745656,WSB,West Siberia,,,native
206745656,CHX,Xinjiang,,,native
206745681,KAZ,Kazakhstan,,,native
206745681,KGZ,Kirgizstan,,,native
206745681,CHX,Xinjiang,,,native
206745696,ALB,Albania,,,native
206745696,FRA,France,,,native
206745696,ITA,Italy,,,native
206745696,YUG,NW. Balkan Pen.,,,native
206745696,SWI,Switzerland,,,native
206745708,ALA,Alabama,,,native
206745708,ARK,Arkansas,,,native
206745708,DEL,Delaware,,,native
206745708,WDC,District of Columbia,,,native
206745708,FLA,Florida,,,native
206745708,GEO,Georgia,,,native
206745708,ILL,Illinois,,,native
206745708,INI,Indiana,,,native
206745708,IOW,Iowa,,,native
206745708,KAN,Kansas,,,native
206745708,KTY,Kentucky,,,native
206745708,LOU,Louisiana,,,native
206745708,MRY,Maryland,,,native
206745708,MAS,Massachusetts,,,native
206745708,MIC,Michigan,,,native
206745708,MIN,Minnesota,,,native
206745708,MSI,Mississippi,,,native
206745708,MSO,Missouri,,,native
206745708,NEB,Nebraska,,,native
206745708,NWY,New York,,,native
206745708,NCA,North Carolina,,,native
206745708,NDA,North Dakota,,,native
206745708,OHI,Ohio,,,native
206745708,OKL,Oklahoma,,,native
206745708,PEN,Pennsylvania,,,native
206745708,SCA,South Carolina,,,native
206745708,SDA,South Dakota,,,native
206745708,TEN,Tennessee,,,native
206745708,TEX,Texas,,,native
206745708,WVA,West Virginia,,,native
206745708,WIS,Wisconsin,,,native
206745742,MXC,Mexico Central,,,native
206745742,MXG,Mexico Gulf,,,native
206745742,MXE,Mexico Northeast,,,native
206745742,MXS,Mexico Southwest,,,native
206745745,CAL,California,,,native
206745745,IDA,Idaho,,,native
206745745,NEV,Nevada,,,native
206745745,ORE,Oregon,,,native
206745753,NNS,Nansei-shoto,,,native
206745763,IDA,Idaho,,,native
206745763,ORE,Oregon,,,native
206745763,WAS,Washington,,,native
206745775,BRC,British Columbia,,,native
206745775,CAL,California,,,native
206745775,IDA,Idaho,,,native
206745775,MNT,Montana,,,native
206745775,ORE,Oregon,,,native
206745775,WAS,Washington,,,native
206745778,CAL,California,,,native
206745795,JAP,Japan,,,native
206745810,ALB,Albania,,,native
206745810,BUL,Bulgaria,,,native
206745810,GRC,Greece,,,native
206745810,YUG,NW. Balkan Pen.,,,native
206745819,GER,Germany,INTRODUCED,,introduced
206745819,NCS,North Caucasus,,,native
206745819,TCS,Transcaucasus,,,native
206745834,NCS,North Caucasus,,,native
206745834,TCS,Transcaucasus,,,native
206745837,AFG,Afghanistan,,,native
206745837,CHC,China South-Central,,,native
206745837,EHM,East Himalaya,,,native
206745837,NEP,Nepal,,,native
206745837,PAK,Pakistan,,,native
206745837,CHT,Tibet,,,native
206745837,WHM,West Himalaya,,,native
206745859,ARI,Arizona,,,native
206745859,CAL,California,,,native
206745859,MXE,Mexico Northeast,,,native
206745859,MXN,Mexico Northwest,,,native
206745859,NEV,Nevada,,,native
206745859,NWM,New Mexico,,,native
206745859,UTA,Utah,,,native
206745899,ARI,Arizona,,,native
206745899,COL,Colorado,,,native
206745899,UTA,Utah,,,native
206745964,ARI,Arizona,,,native
206745964,NWM,New Mexico,,,native
209721649,MXE,Mexico Northeast,,,native
209721651,MXE,Mexico Northeast,,,native
209721653,MXS,Mexico Southwest,,,native
209721655,MXS,Mexico Southwest,,,native
209721656,MXE,Mexico Northeast,,,native
209721657,MXE,Mexico Northeast,,,native
209721657,MXS,Mexico Southwest,,,native
209721658,ARI,Arizona,,,native
209721658,MXE,Mexico Northeast,,,native
209721658,MXN,Mexico Northwest,,,native
209721658,NWM,New Mexico,,,native
209721660,MXE,Mexico Northeast,,,native
209721662,MXE,Mexico Northeast,,,native
209721663,MXC,Mexico Central,,,native
209721663,MXS,Mexico Southwest,,,native
209721664,MXE,Mexico Northeast,,,native
209721668,MXE,Mexico Northeast,,,native
209721670,COL,Colorado,,,native
209721671,COL,Colorado,,,native
231083317,MXE,Mexico Northeast,,,native
231083318,MXN,Mexico Northwest,,,native
231083319,MXE,Mexico Northeast,,,native
231083320,MXS,Mexico Southwest,,,native
231083323,MXE,Mexico Northeast,,,native
231083324,MXN,Mexico Northwest,,,native
231083324,MXS,Mexico Southwest,,,native
231083328,UTA,Utah,,,native
