cell_lon_min,cell_lat_min,cell_lon_center,cell_lat_center,n_observations,n_taxa,bio1_degrees_c_mean,bio12_mm_mean
-70.0,-56.0,-69.0,-55.0,2,1,3.9500000000000455,946.5
-68.0,-56.0,-67.0,-55.0,3,1,5.016666666666708,713.0
-72.0,-54.0,-71.0,-53.0,7,2,6.650000000000034,469.7142857142857
-70.0,-54.0,-69.0,-53.0,4,1,6.92500000000004,336.25
-68.0,-54.0,-67.0,-53.0,3,1,6.4500000000000455,338.0
-74.0,-52.0,-73.0,-51.0,14,2,5.6571428571428966,1511.5714285714287
-58.0,-52.0,-57.0,-51.0,2,2,6.850000000000023,700.0
-74.0,-50.0,-73.0,-49.0,1,1,4.750000000000057,1537.0
-68.0,-50.0,-67.0,-49.0,1,1,9.950000000000045,326.0
-74.0,-48.0,-73.0,-47.0,5,1,7.170000000000039,1500.4
-72.0,-48.0,-71.0,-47.0,2,1,3.6000000000000227,642.5
-70.0,-48.0,-69.0,-47.0,1,1,11.550000000000011,210.0
166.0,-48.0,167.0,-47.0,11,2,10.540909090909132,1583.090909090909
168.0,-48.0,169.0,-47.0,25,3,10.08200000000003,1194.8
170.0,-48.0,171.0,-47.0,2,2,10.450000000000045,869.0
-178.0,-46.0,-177.0,-45.0,2,1,11.700000000000045,957.0
-74.0,-46.0,-73.0,-45.0,4,1,8.475000000000023,2602.5
-68.0,-46.0,-67.0,-45.0,2,1,11.700000000000045,290.0
-66.0,-46.0,-65.0,-45.0,1,1,13.350000000000023,268.0
166.0,-46.0,167.0,-45.0,14,2,9.300000000000031,1938.142857142857
168.0,-46.0,169.0,-45.0,59,2,8.378813559322069,1230.677966101695
170.0,-46.0,171.0,-45.0,38,2,9.91052631578951,760.1842105263158
-178.0,-44.0,-177.0,-43.0,3,1,12.050000000000031,918.6666666666666
-76.0,-44.0,-75.0,-43.0,1,1,10.550000000000011,1772.0
-74.0,-44.0,-73.0,-43.0,9,1,10.838888888888922,2473.5555555555557
-72.0,-44.0,-71.0,-43.0,1,1,9.250000000000057,1304.0
-70.0,-44.0,-69.0,-43.0,1,1,12.450000000000045,200.0
-66.0,-44.0,-65.0,-43.0,3,1,14.416666666666686,230.33333333333334
-64.0,-44.0,-63.0,-43.0,1,1,13.550000000000011,288.0
144.0,-44.0,145.0,-43.0,5,2,11.79000000000002,2202.2
146.0,-44.0,147.0,-43.0,47,2,11.013829787234073,851.063829787234
148.0,-44.0,149.0,-43.0,6,2,12.80000000000004,654.8333333333334
168.0,-44.0,169.0,-43.0,8,2,11.375000000000036,4129.0
170.0,-44.0,171.0,-43.0,73,3,9.591095890410989,2335.6027397260273
172.0,-44.0,173.0,-43.0,63,3,10.58174603174607,995.3015873015873
-76.0,-42.0,-75.0,-41.0,1,1,11.350000000000023,1939.0
-74.0,-42.0,-73.0,-41.0,30,1,11.043333333333374,2256.6666666666665
-72.0,-42.0,-71.0,-41.0,7,1,8.621428571428607,1658.4285714285713
-66.0,-42.0,-65.0,-41.0,1,1,15.350000000000023,319.0
142.0,-42.0,143.0,-41.0,1,1,13.250000000000057,1019.0
144.0,-42.0,145.0,-41.0,15,2,11.903333333333364,1343.1333333333334
146.0,-42.0,147.0,-41.0,33,2,10.725757575757614,1065.939393939394
148.0,-42.0,149.0,-41.0,9,2,13.227777777777817,747.4444444444445
170.0,-42.0,171.0,-41.0,5,1,12.410000000000036,2119.2
172.0,-42.0,173.0,-41.0,37,3,11.831081081081116,1692.0
174.0,-42.0,175.0,-41.0,53,3,12.502830188679281,1288.0754716981132
176.0,-42.0,177.0,-41.0,11,3,12.340909090909122,1199.7272727272727
-74.0,-40.0,-73.0,-39.0,16,1,11.637500000000028,2139.3125
-72.0,-40.0,-71.0,-39.0,12,1,9.191666666666706,2485.1666666666665
-70.0,-40.0,-69.0,-39.0,2,1,15.55000000000004,221.5
-68.0,-40.0,-67.0,-39.0,1,1,16.05000000000001,343.0
-66.0,-40.0,-65.0,-39.0,2,1,15.100000000000051,537.5
-64.0,-40.0,-63.0,-39.0,3,1,14.750000000000037,720.3333333333334
-62.0,-40.0,-61.0,-39.0,3,1,14.31666666666672,794.0
-60.0,-40.0,-59.0,-39.0,3,1,14.416666666666705,911.6666666666666
-58.0,-40.0,-57.0,-39.0,2,1,14.350000000000023,954.5
140.0,-40.0,141.0,-39.0,7,1,13.792857142857176,816.0
142.0,-40.0,143.0,-39.0,19,1,13.334210526315827,888.3684210526316
144.0,-40.0,145.0,-39.0,28,2,14.042857142857173,808.8214285714286
146.0,-40.0,147.0,-39.0,18,2,13.40555555555559,943.7222222222222
172.0,-40.0,173.0,-39.0,3,3,13.483333333333368,2782.6666666666665
174.0,-40.0,175.0,-39.0,61,3,12.361475409836096,1761.295081967213
176.0,-40.0,177.0,-39.0,46,3,12.38913043478264,1383.5434782608695
178.0,-40.0,179.0,-39.0,3,2,14.8166666666667,1441.6666666666667
-74.0,-38.0,-73.0,-37.0,18,1,12.888888888888921,1619.4444444444443
-72.0,-38.0,-71.0,-37.0,9,1,10.750000000000044,2511.0
-68.0,-38.0,-67.0,-37.0,1,1,16.250000000000057,266.0
-66.0,-38.0,-65.0,-37.0,3,1,15.650000000000034,660.3333333333334
-64.0,-38.0,-63.0,-37.0,4,1,15.025000000000034,779.25
-62.0,-38.0,-61.0,-37.0,1,1,14.450000000000045,961.0
-60.0,-38.0,-59.0,-37.0,2,1,13.900000000000034,917.0
-58.0,-38.0,-57.0,-37.0,11,1,14.886363636363678,966.9090909090909
138.0,-38.0,139.0,-37.0,3,1,14.916666666666686,570.3333333333334
140.0,-38.0,141.0,-37.0,17,1,14.42647058823533,602.9411764705883
142.0,-38.0,143.0,-37.0,25,2,13.23000000000004,594.2
144.0,-38.0,145.0,-37.0,51,2,13.046078431372583,766.7843137254902
146.0,-38.0,147.0,-37.0,43,2,12.468604651162828,857.0232558139535
148.0,-38.0,149.0,-37.0,37,1,13.2175675675676,818.4594594594595
150.0,-38.0,151.0,-37.0,3,1,15.950000000000026,853.0
172.0,-38.0,173.0,-37.0,1,1,15.650000000000034,1245.0
174.0,-38.0,175.0,-37.0,53,2,14.919811320754755,1426.3962264150944
176.0,-38.0,177.0,-37.0,10,2,14.28000000000004,1829.5
-74.0,-36.0,-73.0,-35.0,4,1,13.30000000000004,1005.25
-72.0,-36.0,-71.0,-35.0,13,1,12.926923076923108,1064.0
-70.0,-36.0,-69.0,-35.0,1,1,7.250000000000057,551.0
-68.0,-36.0,-67.0,-35.0,1,1,17.450000000000045,411.0
-66.0,-36.0,-65.0,-35.0,2,1,16.400000000000034,880.5
-64.0,-36.0,-63.0,-35.0,7,1,16.135714285714307,964.4285714285714
-62.0,-36.0,-61.0,-35.0,2,1,16.75000000000003,1029.0
-60.0,-36.0,-59.0,-35.0,21,1,16.483333333333366,1102.6190476190477
-58.0,-36.0,-57.0,-35.0,13,1,16.526923076923108,1126.5384615384614
-56.0,-36.0,-55.0,-35.0,15,1,16.216666666666697,1205.3333333333333
-54.0,-36.0,-53.0,-35.0,2,1,16.700000000000045,1247.5
18.0,-36.0,19.0,-35.0,16,1,16.512500000000035,749.0625
20.0,-36.0,21.0,-35.0,16,1,17.000000000000032,507.5625
22.0,-36.0,23.0,-35.0,5,1,17.110000000000024,812.0
24.0,-36.0,25.0,-35.0,2,1,18.150000000000034,619.0
114.0,-36.0,115.0,-35.0,2,1,15.55000000000004,1197.5
116.0,-36.0,117.0,-35.0,10,1,14.980000000000029,920.3
118.0,-36.0,119.0,-35.0,4,1,15.550000000000026,553.5
136.0,-36.0,137.0,-35.0,4,1,15.650000000000034,536.25
138.0,-36.0,139.0,-35.0,21,1,15.18809523809527,539.6666666666666
140.0,-36.0,141.0,-35.0,4,1,17.750000000000043,250.25
142.0,-36.0,143.0,-35.0,8,1,16.625000000000036,306.5
144.0,-36.0,145.0,-35.0,13,1,16.45000000000003,372.2307692307692
146.0,-36.0,147.0,-35.0,12,1,15.841666666666697,524.3333333333334
148.0,-36.0,149.0,-35.0,31,1,12.166129032258102,798.9032258064516
150.0,-36.0,151.0,-35.0,21,1,15.778571428571464,1023.0952380952381
172.0,-36.0,173.0,-35.0,13,2,15.24230769230772,1480.076923076923
174.0,-36.0,175.0,-35.0,9,1,15.750000000000044,1405.888888888889
-72.0,-34.0,-71.0,-33.0,19,1,11.997368421052661,662.1052631578947
-70.0,-34.0,-69.0,-33.0,7,1,13.29285714285716,294.0
-68.0,-34.0,-67.0,-33.0,3,1,16.383333333333365,1107.6666666666667
-66.0,-34.0,-65.0,-33.0,5,1,15.630000000000042,952.0
-62.0,-34.0,-61.0,-33.0,12,1,17.52500000000003,1037.4166666666667
-60.0,-34.0,-59.0,-33.0,14,1,17.835714285714324,1180.357142857143
-58.0,-34.0,-57.0,-33.0,8,1,17.187500000000043,1289.75
-56.0,-34.0,-55.0,-33.0,6,1,16.850000000000033,1323.6666666666667
-54.0,-34.0,-53.0,-33.0,8,1,17.86250000000004,1346.125
18.0,-34.0,19.0,-33.0,17,1,16.191176470588267,974.6470588235294
20.0,-34.0,21.0,-33.0,7,1,16.43571428571432,475.2857142857143
22.0,-34.0,23.0,-33.0,12,1,15.93333333333336,632.0
24.0,-34.0,25.0,-33.0,18,1,16.88333333333337,490.22222222222223
26.0,-34.0,27.0,-33.0,23,1,16.828260869565256,721.4347826086956
28.0,-34.0,29.0,-33.0,8,1,18.76250000000004,906.375
114.0,-34.0,115.0,-33.0,9,1,17.21666666666671,888.8888888888889
116.0,-34.0,117.0,-33.0,3,1,16.216666666666697,950.6666666666666
118.0,-34.0,119.0,-33.0,2,1,15.55000000000004,385.0
120.0,-34.0,121.0,-33.0,2,1,16.200000000000045,534.5
138.0,-34.0,139.0,-33.0,1,1,15.750000000000057,334.0
142.0,-34.0,143.0,-33.0,1,1,17.850000000000023,278.0
146.0,-34.0,147.0,-33.0,2,1,16.100000000000023,493.5
148.0,-34.0,149.0,-33.0,22,1,13.863636363636402,718.1363636363636
150.0,-34.0,151.0,-33.0,31,1,16.285483870967777,948.7096774193549
152.0,-34.0,153.0,-33.0,1,1,18.350000000000023,1223.0
-72.0,-32.0,-71.0,-31.0,3,1,17.25000000000004,189.33333333333334
-70.0,-32.0,-69.0,-31.0,1,1,17.150000000000034,105.0
-68.0,-32.0,-67.0,-31.0,2,1,16.600000000000023,541.0
-66.0,-32.0,-65.0,-31.0,7,1,13.335714285714321,1105.4285714285713
-64.0,-32.0,-63.0,-31.0,1,1,19.350000000000023,1002.0
-62.0,-32.0,-61.0,-31.0,14,1,18.57857142857146,1123.2857142857142
-60.0,-32.0,-59.0,-31.0,4,1,18.95000000000003,1267.75
-58.0,-32.0,-57.0,-31.0,6,1,18.83333333333337,1310.1666666666667
-56.0,-32.0,-55.0,-31.0,2,1,18.25000000000003,1541.0
-54.0,-32.0,-53.0,-31.0,5,1,18.25000000000002,1441.8
22.0,-32.0,23.0,-31.0,3,1,16.850000000000023,279.0
24.0,-32.0,25.0,-31.0,9,1,15.927777777777813,382.77777777777777
26.0,-32.0,27.0,-31.0,14,1,13.228571428571456,720.4285714285714
28.0,-32.0,29.0,-31.0,40,1,15.667500000000036,929.25
30.0,-32.0,31.0,-31.0,7,1,18.635714285714318,1003.4285714285714
114.0,-32.0,115.0,-31.0,3,1,18.616666666666692,723.0
142.0,-32.0,143.0,-31.0,1,1,19.850000000000023,244.0
144.0,-32.0,145.0,-31.0,2,1,18.400000000000034,380.0
146.0,-32.0,147.0,-31.0,2,1,18.900000000000034,465.0
148.0,-32.0,149.0,-31.0,1,1,17.750000000000057,537.0
150.0,-32.0,151.0,-31.0,17,1,13.602941176470628,845.8235294117648
152.0,-32.0,153.0,-31.0,24,1,16.933333333333366,1356.4583333333333
158.0,-32.0,159.0,-31.0,1,1,19.350000000000023,1611.0
-178.0,-30.0,-177.0,-29.0,1,1,19.250000000000057,1801.0
-72.0,-30.0,-71.0,-29.0,2,1,15.500000000000028,116.5
-68.0,-30.0,-67.0,-29.0,3,1,15.216666666666697,509.3333333333333
-66.0,-30.0,-65.0,-29.0,1,1,20.350000000000023,529.0
-60.0,-30.0,-59.0,-29.0,2,1,20.00000000000003,1328.0
-58.0,-30.0,-57.0,-29.0,1,1,20.350000000000023,1508.0
-56.0,-30.0,-55.0,-29.0,5,1,20.390000000000033,1833.6
-54.0,-30.0,-53.0,-29.0,7,1,18.83571428571432,1771.4285714285713
-52.0,-30.0,-51.0,-29.0,9,1,17.827777777777815,1837.7777777777778
-50.0,-30.0,-49.0,-29.0,4,1,16.825000000000017,2115.25
24.0,-30.0,25.0,-29.0,1,1,18.450000000000045,443.0
26.0,-30.0,27.0,-29.0,18,1,14.988888888888921,683.5555555555555
28.0,-30.0,29.0,-29.0,37,1,13.401351351351389,851.8108108108108
30.0,-30.0,31.0,-29.0,26,1,17.419230769230804,932.5
32.0,-30.0,33.0,-29.0,2,1,22.150000000000034,1054.5
146.0,-30.0,147.0,-29.0,1,1,20.150000000000034,429.0
150.0,-30.0,151.0,-29.0,14,1,16.414285714285757,742.7857142857143
152.0,-30.0,153.0,-29.0,34,1,18.070588235294153,1248.8529411764705
166.0,-30.0,167.0,-29.0,1,1,19.150000000000034,1308.0
-110.0,-28.0,-109.0,-27.0,1,1,20.850000000000023,1430.0
-68.0,-28.0,-67.0,-27.0,1,1,15.350000000000023,735.0
-66.0,-28.0,-65.0,-27.0,7,1,14.135714285714325,1496.7142857142858
-60.0,-28.0,-59.0,-27.0,2,1,21.55000000000004,1490.0
-58.0,-28.0,-57.0,-27.0,2,1,21.50000000000003,1683.5
-56.0,-28.0,-55.0,-27.0,2,1,21.05000000000004,1816.5
-54.0,-28.0,-53.0,-27.0,6,1,18.216666666666708,2188.5
-52.0,-28.0,-51.0,-27.0,4,1,16.925000000000026,2205.25
-50.0,-28.0,-49.0,-27.0,9,1,17.527777777777814,1826.3333333333333
24.0,-28.0,25.0,-27.0,3,1,18.183333333333376,485.6666666666667
26.0,-28.0,27.0,-27.0,20,1,16.86500000000003,633.3
28.0,-28.0,29.0,-27.0,27,1,15.172222222222254,712.5185185185185
30.0,-28.0,31.0,-27.0,22,1,15.327272727272764,921.6363636363636
32.0,-28.0,33.0,-27.0,1,1,22.450000000000045,964.0
148.0,-28.0,149.0,-27.0,3,1,20.35000000000004,581.0
150.0,-28.0,151.0,-27.0,10,1,18.11000000000003,707.5
152.0,-28.0,153.0,-27.0,30,1,19.25000000000004,1071.8333333333333
-68.0,-26.0,-67.0,-25.0,1,1,13.150000000000034,577.0
-66.0,-26.0,-65.0,-25.0,5,1,16.430000000000042,1208.0
-62.0,-26.0,-61.0,-25.0,1,1,22.850000000000023,929.0
-56.0,-26.0,-55.0,-25.0,2,1,21.650000000000034,1911.5
-54.0,-26.0,-53.0,-25.0,5,1,20.750000000000036,2081.8
-52.0,-26.0,-51.0,-25.0,8,1,17.86250000000004,1974.0
-50.0,-26.0,-49.0,-25.0,14,1,17.82857142857146,1706.357142857143
26.0,-26.0,27.0,-25.0,3,1,18.85000000000004,590.3333333333334
28.0,-26.0,29.0,-25.0,16,1,16.606250000000035,746.6875
30.0,-26.0,31.0,-25.0,9,1,15.416666666666698,943.4444444444445
150.0,-26.0,151.0,-25.0,9,1,19.772222222222258,834.6666666666666
152.0,-26.0,153.0,-25.0,5,1,21.010000000000037,986.4
-72.0,-24.0,-71.0,-23.0,1,1,16.950000000000045,42.0
-52.0,-24.0,-51.0,-23.0,4,1,19.600000000000037,1868.25
-50.0,-24.0,-49.0,-23.0,1,1,20.350000000000023,1296.0
-48.0,-24.0,-47.0,-23.0,11,1,19.831818181818218,1828.1818181818182
28.0,-24.0,29.0,-23.0,4,1,17.475000000000037,750.25
150.0,-24.0,151.0,-23.0,3,1,21.383333333333365,809.6666666666666
54.0,-22.0,55.0,-21.0,1,1,15.450000000000045,1964.0
148.0,-22.0,149.0,-21.0,1,1,18.150000000000034,1549.0
164.0,-22.0,165.0,-21.0,1,1,20.350000000000023,1372.0
-66.0,-20.0,-65.0,-19.0,3,1,11.083333333333352,565.3333333333334
32.0,-20.0,33.0,-19.0,1,1,18.55000000000001,1179.0
-72.0,-18.0,-71.0,-17.0,1,1,10.250000000000057,362.0
-70.0,-18.0,-69.0,-17.0,12,1,8.891666666666703,1190.0
-68.0,-18.0,-67.0,-17.0,6,1,11.750000000000028,1390.0
-66.0,-18.0,-65.0,-17.0,5,1,9.850000000000023,2579.4
144.0,-18.0,145.0,-17.0,3,1,19.150000000000034,2127.6666666666665
-74.0,-16.0,-73.0,-15.0,1,1,7.350000000000023,1105.0
-72.0,-16.0,-71.0,-15.0,6,1,8.500000000000028,972.0
-70.0,-16.0,-69.0,-15.0,3,1,9.116666666666694,1197.0
-76.0,-14.0,-75.0,-13.0,6,1,7.133333333333354,1229.1666666666667
-74.0,-14.0,-73.0,-13.0,3,1,8.950000000000026,1259.3333333333333
-72.0,-14.0,-71.0,-13.0,4,1,8.875000000000028,1078.5
-76.0,-12.0,-75.0,-11.0,1,1,8.050000000000011,1250.0
-80.0,-6.0,-79.0,-5.0,1,1,15.750000000000057,1141.0
-80.0,-4.0,-79.0,-3.0,2,1,19.30000000000004,923.5
-80.0,-2.0,-79.0,-1.0,22,1,11.240909090909126,1904.090909090909
34.0,-2.0,35.0,-1.0,9,1,18.95000000000003,1037.7777777777778
36.0,-2.0,37.0,-1.0,13,1,15.880769230769264,1202.923076923077
-80.0,0.0,-79.0,1.0,8,1,13.100000000000037,1968.875
-78.0,0.0,-77.0,1.0,8,1,12.800000000000026,1352.375
34.0,0.0,35.0,1.0,4,1,16.700000000000045,1751.5
36.0,0.0,37.0,1.0,4,1,17.000000000000043,1121.75
-78.0,2.0,-77.0,3.0,2,1,14.200000000000017,2433.5
-76.0,4.0,-75.0,5.0,9,1,15.227777777777805,1870.0
-74.0,4.0,-73.0,5.0,16,1,13.868750000000041,1366.875
38.0,6.0,39.0,7.0,3,1,15.383333333333363,1456.3333333333333
-86.0,8.0,-85.0,9.0,3,2,17.883333333333383,3296.3333333333335
-84.0,8.0,-83.0,9.0,15,2,15.163333333333366,4516.8
38.0,8.0,39.0,9.0,4,1,15.375000000000028,1157.0
-86.0,10.0,-85.0,11.0,10,2,19.150000000000034,3223.6
-84.0,10.0,-83.0,11.0,3,2,13.516666666666689,4740.333333333333
76.0,10.0,77.0,11.0,1,1,14.950000000000045,1723.0
-90.0,12.0,-89.0,13.0,3,2,17.883333333333365,2034.6666666666667
-88.0,12.0,-87.0,13.0,8,2,19.987500000000026,1442.875
-86.0,12.0,-85.0,13.0,2,1,20.80000000000004,1714.5
38.0,12.0,39.0,13.0,1,1,17.05000000000001,1106.0
-98.0,14.0,-97.0,15.0,1,1,19.650000000000034,1982.0
-94.0,14.0,-93.0,15.0,8,4,12.837500000000034,3520.5
-92.0,14.0,-91.0,15.0,25,6,12.454000000000033,2499.84
-90.0,14.0,-89.0,15.0,18,2,18.52777777777781,1592.6666666666667
-88.0,14.0,-87.0,15.0,9,2,19.127777777777812,1425.111111111111
-86.0,14.0,-85.0,15.0,1,1,21.850000000000023,2847.0
-102.0,16.0,-101.0,17.0,1,1,13.150000000000034,1949.0
-100.0,16.0,-99.0,17.0,4,2,15.600000000000037,1560.25
-98.0,16.0,-97.0,17.0,27,6,13.67592592592596,1271.6296296296296
-96.0,16.0,-95.0,17.0,1,1,24.750000000000057,2864.0
-94.0,16.0,-93.0,17.0,23,4,16.83260869565221,1788.9130434782608
-92.0,16.0,-91.0,17.0,4,2,20.50000000000003,2476.75
-90.0,16.0,-89.0,17.0,1,1,25.05000000000001,1826.0
120.0,16.0,121.0,17.0,1,1,17.450000000000045,2887.0
-156.0,18.0,-155.0,19.0,7,1,16.23571428571433,1851.2857142857142
-106.0,18.0,-105.0,19.0,2,2,19.55000000000004,1291.0
-104.0,18.0,-103.0,19.0,27,8,14.672222222222258,1204.148148148148
-102.0,18.0,-101.0,19.0,42,6,15.32619047619051,1077.904761904762
-100.0,18.0,-99.0,19.0,104,13,12.79711538461542,1070.9903846153845
-98.0,18.0,-97.0,19.0,47,9,15.015957446808544,1541.0425531914893
-96.0,18.0,-95.0,19.0,3,1,25.183333333333376,2462.0
-92.0,18.0,-91.0,19.0,2,1,26.650000000000034,1479.5
-90.0,18.0,-89.0,19.0,2,1,25.700000000000045,1230.0
-78.0,18.0,-77.0,19.0,1,1,25.05000000000001,1784.0
-74.0,18.0,-73.0,19.0,1,1,27.150000000000034,1150.0
-68.0,18.0,-67.0,19.0,9,1,24.63888888888892,1878.3333333333333
-66.0,18.0,-65.0,19.0,1,1,25.750000000000057,2059.0
42.0,18.0,43.0,19.0,1,1,13.850000000000023,414.0
-158.0,20.0,-157.0,21.0,7,1,17.564285714285745,1596.5714285714287
-156.0,20.0,-155.0,21.0,1,1,19.850000000000023,1385.0
-106.0,20.0,-105.0,21.0,19,5,17.80789473684214,1297.6315789473683
-104.0,20.0,-103.0,21.0,34,4,18.332352941176502,866.6470588235294
-102.0,20.0,-101.0,21.0,35,9,16.918571428571465,623.8
-100.0,20.0,-99.0,21.0,42,10,16.55952380952384,900.3095238095239
-98.0,20.0,-97.0,21.0,12,3,22.858333333333366,1623.3333333333333
-90.0,20.0,-89.0,21.0,1,1,25.650000000000034,1179.0
-88.0,20.0,-87.0,21.0,2,1,25.55000000000004,1407.5
-76.0,20.0,-75.0,21.0,2,1,25.650000000000034,1385.5
120.0,20.0,121.0,21.0,1,1,24.250000000000057,2427.0
-160.0,22.0,-159.0,23.0,1,1,17.350000000000023,2849.0
-106.0,22.0,-105.0,23.0,16,8,14.256250000000037,948.0625
-104.0,22.0,-103.0,23.0,3,2,14.78333333333338,788.6666666666666
-102.0,22.0,-101.0,23.0,3,2,16.616666666666692,439.0
-100.0,22.0,-99.0,23.0,21,7,18.678571428571463,848.3333333333334
-98.0,22.0,-97.0,23.0,2,1,24.30000000000004,1141.5
-84.0,22.0,-83.0,23.0,1,1,23.950000000000045,1615.0
-82.0,22.0,-81.0,23.0,1,1,25.350000000000023,1282.0
90.0,22.0,91.0,23.0,1,1,25.55000000000001,2134.0
112.0,22.0,113.0,23.0,2,1,22.150000000000034,2331.0
114.0,22.0,115.0,23.0,4,2,22.275000000000034,2473.75
118.0,22.0,119.0,23.0,9,2,23.272222222222258,1240.3333333333333
120.0,22.0,121.0,23.0,35,7,14.421428571428603,3755.6285714285714
-112.0,24.0,-111.0,25.0,1,1,22.250000000000057,144.0
-110.0,24.0,-109.0,25.0,1,1,24.750000000000057,361.0
-108.0,24.0,-107.0,25.0,1,1,24.750000000000057,690.0
-106.0,24.0,-105.0,25.0,3,2,17.216666666666697,582.3333333333334
-104.0,24.0,-103.0,25.0,2,2,16.900000000000034,446.5
-102.0,24.0,-101.0,25.0,31,7,16.45967741935488,615.8387096774194
-100.0,24.0,-99.0,25.0,13,4,22.650000000000038,733.5384615384615
-98.0,24.0,-97.0,25.0,2,1,23.400000000000034,699.5
-82.0,24.0,-81.0,25.0,23,2,24.189130434782644,1467.695652173913
88.0,24.0,89.0,25.0,1,1,25.450000000000045,1600.0
94.0,24.0,95.0,25.0,1,1,13.750000000000057,2355.0
102.0,24.0,103.0,25.0,7,1,16.26428571428575,969.5714285714286
118.0,24.0,119.0,25.0,7,1,20.235714285714316,1369.4285714285713
120.0,24.0,121.0,25.0,42,10,14.057142857142898,3529.4523809523807
122.0,24.0,123.0,25.0,3,2,23.55000000000003,2977.6666666666665
124.0,24.0,125.0,25.0,2,1,23.900000000000034,2243.0
-110.0,26.0,-109.0,27.0,3,1,24.650000000000034,478.6666666666667
-108.0,26.0,-107.0,27.0,2,2,11.200000000000017,1076.0
-106.0,26.0,-105.0,27.0,1,1,17.55000000000001,503.0
-104.0,26.0,-103.0,27.0,2,1,21.30000000000001,349.5
-102.0,26.0,-101.0,27.0,7,2,21.76428571428576,467.0
-100.0,26.0,-99.0,27.0,33,1,23.51666666666671,590.0909090909091
-98.0,26.0,-97.0,27.0,29,2,22.84655172413796,739.8965517241379
-84.0,26.0,-83.0,27.0,33,2,22.659090909090942,1381.6666666666667
-82.0,26.0,-81.0,27.0,102,2,23.204901960784344,1414.049019607843
-80.0,26.0,-79.0,27.0,1,1,24.450000000000045,1214.0
-78.0,26.0,-77.0,27.0,1,1,24.55000000000001,1179.0
84.0,26.0,85.0,27.0,1,1,25.55000000000001,1171.0
88.0,26.0,89.0,27.0,4,4,8.525000000000034,2012.25
90.0,26.0,91.0,27.0,3,2,12.550000000000031,2225.6666666666665
92.0,26.0,93.0,27.0,4,3,5.575000000000031,3900.5
98.0,26.0,99.0,27.0,1,1,11.250000000000057,997.0
108.0,26.0,109.0,27.0,1,1,17.150000000000034,1221.0
118.0,26.0,119.0,27.0,3,2,16.916666666666703,1725.6666666666667
120.0,26.0,121.0,27.0,4,1,19.100000000000037,1570.5
126.0,26.0,127.0,27.0,8,1,22.962500000000027,2267.125
128.0,26.0,129.0,27.0,7,1,22.478571428571463,2240.5714285714284
142.0,26.0,143.0,27.0,1,1,22.850000000000023,1358.0
-112.0,28.0,-111.0,29.0,1,1,22.650000000000034,441.0
-110.0,28.0,-109.0,29.0,6,3,14.3166666666667,830.8333333333334
-108.0,28.0,-107.0,29.0,8,4,16.250000000000043,463.125
-106.0,28.0,-105.0,29.0,1,1,20.950000000000045,309.0
-104.0,28.0,-103.0,29.0,5,3,18.23000000000003,413.2
-102.0,28.0,-101.0,29.0,17,3,21.032352941176512,550.1764705882352
-100.0,28.0,-99.0,29.0,58,4,20.56034482758624,787.948275862069
-98.0,28.0,-97.0,29.0,97,3,21.078865979381476,1019.0309278350516
-96.0,28.0,-95.0,29.0,58,3,20.848275862069,1347.8620689655172
-94.0,28.0,-93.0,29.0,11,1,20.550000000000036,1658.1818181818182
-92.0,28.0,-91.0,29.0,11,1,20.377272727272757,1824.4545454545455
-90.0,28.0,-89.0,29.0,6,1,21.483333333333377,1612.0
-86.0,28.0,-85.0,29.0,11,2,20.65000000000003,1568.8181818181818
-84.0,28.0,-83.0,29.0,61,3,21.06803278688528,1344.8360655737704
-82.0,28.0,-81.0,29.0,73,3,21.648630136986338,1346.5753424657535
-18.0,28.0,-17.0,29.0,2,1,15.400000000000034,467.0
76.0,28.0,77.0,29.0,3,1,24.483333333333388,662.3333333333334
78.0,28.0,79.0,29.0,3,2,16.25000000000004,1952.3333333333333
82.0,28.0,83.0,29.0,1,1,16.750000000000057,3042.0
84.0,28.0,85.0,29.0,2,2,12.000000000000028,2561.0
90.0,28.0,91.0,29.0,1,1,6.650000000000034,485.0
94.0,28.0,95.0,29.0,2,2,6.350000000000051,1343.5
120.0,28.0,121.0,29.0,1,1,17.350000000000023,1792.0
122.0,28.0,123.0,29.0,2,1,17.350000000000023,1421.0
128.0,28.0,129.0,29.0,1,1,21.450000000000045,2814.0
-118.0,30.0,-117.0,31.0,7,4,16.16428571428575,318.42857142857144
-116.0,30.0,-115.0,31.0,6,4,13.966666666666697,350.3333333333333
-114.0,30.0,-113.0,31.0,1,1,22.250000000000057,235.0
-112.0,30.0,-111.0,31.0,55,7,16.228181818181856,498.8181818181818
-110.0,30.0,-109.0,31.0,35,7,15.10714285714289,459.74285714285713
-108.0,30.0,-107.0,31.0,5,3,16.890000000000033,303.0
-106.0,30.0,-105.0,31.0,6,2,16.250000000000018,389.6666666666667
-104.0,30.0,-103.0,31.0,22,4,17.40909090909094,413.3181818181818
-102.0,30.0,-101.0,31.0,22,4,18.586363636363675,539.5
-100.0,30.0,-99.0,31.0,71,3,18.873943661971865,790.8450704225352
-98.0,30.0,-97.0,31.0,123,6,19.83780487804881,988.1869918699186
-96.0,30.0,-95.0,31.0,78,6,19.648717948717984,1300.4102564102564
-94.0,30.0,-93.0,31.0,55,2,19.446363636363667,1561.7272727272727
-92.0,30.0,-91.0,31.0,67,6,19.114179104477643,1634.134328358209
-90.0,30.0,-89.0,31.0,72,5,19.19444444444448,1648.6944444444443
-88.0,30.0,-87.0,31.0,50,5,19.144000000000034,1588.02
-86.0,30.0,-85.0,31.0,68,4,19.242647058823565,1486.764705882353
-84.0,30.0,-83.0,31.0,53,2,19.49339622641513,1317.0943396226414
-82.0,30.0,-81.0,31.0,45,3,19.892222222222255,1336.5777777777778
-8.0,30.0,-7.0,31.0,2,2,10.450000000000045,477.0
34.0,30.0,35.0,31.0,2,1,16.850000000000023,635.0
78.0,30.0,79.0,31.0,5,3,10.050000000000022,1819.4
80.0,30.0,81.0,31.0,2,2,10.850000000000023,3318.5
102.0,30.0,103.0,31.0,2,1,0.35000000000005116,1152.0
110.0,30.0,111.0,31.0,1,1,8.350000000000023,1685.0
118.0,30.0,119.0,31.0,6,3,14.466666666666697,1879.5
120.0,30.0,121.0,31.0,4,2,16.850000000000023,1494.0
122.0,30.0,123.0,31.0,1,1,16.950000000000045,1571.0
128.0,30.0,129.0,31.0,3,2,18.85000000000004,2387.0
130.0,30.0,131.0,31.0,6,5,16.116666666666685,3878.6666666666665
-122.0,32.0,-121.0,33.0,2,2,14.000000000000057,519.0
-120.0,32.0,-119.0,33.0,18,2,15.933333333333374,345.77777777777777
-118.0,32.0,-117.0,33.0,94,5,15.705319148936203,388.6170212765957
-116.0,32.0,-115.0,33.0,5,4,16.23000000000004,280.4
-114.0,32.0,-113.0,33.0,8,1,21.100000000000037,283.5
-112.0,32.0,-111.0,33.0,52,5,15.871153846153877,480.65384615384613
-110.0,32.0,-109.0,33.0,59,12,11.804237288135628,491.40677966101697
-108.0,32.0,-107.0,33.0,21,6,14.288095238095273,379.1904761904762
-106.0,32.0,-105.0,33.0,31,7,11.940322580645192,516.3548387096774
-104.0,32.0,-103.0,33.0,14,3,16.364285714285746,435.57142857142856
-102.0,32.0,-101.0,33.0,26,3,16.973076923076952,567.8461538461538
-100.0,32.0,-99.0,33.0,68,3,18.223529411764744,791.2794117647059
-98.0,32.0,-97.0,33.0,149,7,18.430536912751712,1004.1476510067114
-96.0,32.0,-95.0,33.0,79,6,18.11835443037978,1241.1518987341772
-94.0,32.0,-93.0,33.0,50,7,18.102000000000032,1404.66
-92.0,32.0,-91.0,33.0,49,5,18.054081632653087,1409.204081632653
-90.0,32.0,-89.0,33.0,63,4,17.711904761904798,1446.7301587301588
-88.0,32.0,-87.0,33.0,77,6,17.417532467532503,1417.5454545454545
-86.0,32.0,-85.0,33.0,82,6,16.945121951219548,1330.0243902439024
-84.0,32.0,-83.0,33.0,64,5,17.55937500000004,1205.546875
-82.0,32.0,-81.0,33.0,79,5,18.205696202531687,1213.886075949367
-80.0,32.0,-79.0,33.0,48,4,18.270833333333364,1376.375
-18.0,32.0,-17.0,33.0,7,2,15.064285714285754,2378.4285714285716
34.0,32.0,35.0,33.0,14,3,14.685714285714324,833.4285714285714
58.0,32.0,59.0,33.0,1,1,12.650000000000034,290.0
72.0,32.0,73.0,33.0,1,1,24.05000000000001,716.0
76.0,32.0,77.0,33.0,1,1,21.350000000000023,2365.0
78.0,32.0,79.0,33.0,1,1,-5.0499999999999545,240.0
96.0,32.0,97.0,33.0,1,1,-0.049999999999954525,466.0
102.0,32.0,103.0,33.0,1,1,0.5500000000000114,1134.0
108.0,32.0,109.0,33.0,1,1,8.950000000000045,1364.0
118.0,32.0,119.0,33.0,3,3,15.883333333333363,1215.0
126.0,32.0,127.0,33.0,8,2,13.612500000000033,2224.875
128.0,32.0,129.0,33.0,3,1,15.716666666666717,2420.3333333333335
130.0,32.0,131.0,33.0,15,4,14.670000000000027,2528.0
132.0,32.0,133.0,33.0,5,2,16.950000000000045,2111.2
134.0,32.0,135.0,33.0,10,2,17.370000000000033,2521.6
138.0,32.0,139.0,33.0,2,2,18.80000000000004,4047.5
-122.0,34.0,-121.0,35.0,50,4,14.802000000000035,508.94
-120.0,34.0,-119.0,35.0,79,5,14.498101265822822,442.0126582278481
-118.0,34.0,-117.0,35.0,43,6,14.60813953488376,468.3255813953488
-116.0,34.0,-115.0,35.0,16,1,16.23125000000003,253.25
-114.0,34.0,-113.0,35.0,54,6,13.805555555555593,445.6296296296296
-112.0,34.0,-111.0,35.0,66,8,11.122727272727309,554.2424242424242
-110.0,34.0,-109.0,35.0,26,8,9.392307692307726,442.6923076923077
-108.0,34.0,-107.0,35.0,40,6,9.857500000000034,391.1
-106.0,34.0,-105.0,35.0,35,8,8.592857142857177,564.4
-104.0,34.0,-103.0,35.0,8,2,14.60000000000003,477.75
-102.0,34.0,-101.0,35.0,31,3,14.908064516129068,574.0
-100.0,34.0,-99.0,35.0,33,5,15.971212121212162,788.2121212121212
-98.0,34.0,-97.0,35.0,82,7,16.435365853658567,1028.4634146341464
-96.0,34.0,-95.0,35.0,75,6,16.167333333333364,1306.96
-94.0,34.0,-93.0,35.0,116,7,16.036206896551757,1375.9655172413793
-92.0,34.0,-91.0,35.0,35,5,16.35285714285718,1325.857142857143
-90.0,34.0,-89.0,35.0,57,5,16.41491228070179,1426.3333333333333
-88.0,34.0,-87.0,35.0,72,6,15.808333333333366,1460.486111111111
-86.0,34.0,-85.0,35.0,115,6,15.127391304347858,1422.5304347826086
-84.0,34.0,-83.0,35.0,100,8,13.519000000000032,1449.15
-82.0,34.0,-81.0,35.0,127,8,16.172047244094518,1178.3700787401574
-80.0,34.0,-79.0,35.0,74,8,16.344594594594625,1236.9054054054054
-78.0,34.0,-77.0,35.0,46,4,17.121739130434815,1419.304347826087
-76.0,34.0,-75.0,35.0,8,1,17.462500000000034,1382.25
6.0,34.0,7.0,35.0,1,1,14.550000000000011,345.0
22.0,34.0,23.0,35.0,2,2,15.30000000000004,986.0
24.0,34.0,25.0,35.0,1,1,10.050000000000011,867.0
32.0,34.0,33.0,35.0,2,1,16.850000000000023,737.0
34.0,34.0,35.0,35.0,3,2,12.016666666666689,1353.0
44.0,34.0,45.0,35.0,2,1,11.200000000000045,1217.0
50.0,34.0,51.0,35.0,3,1,14.383333333333363,397.0
52.0,34.0,53.0,35.0,3,2,9.850000000000042,579.0
72.0,34.0,73.0,35.0,1,1,19.950000000000045,1462.0
74.0,34.0,75.0,35.0,3,2,7.216666666666716,1010.3333333333334
76.0,34.0,77.0,35.0,3,1,-0.6833333333332993,363.6666666666667
104.0,34.0,105.0,35.0,1,1,9.350000000000023,315.0
112.0,34.0,113.0,35.0,2,1,15.150000000000034,642.0
116.0,34.0,117.0,35.0,1,1,14.150000000000034,723.0
118.0,34.0,119.0,35.0,2,2,12.400000000000034,756.0
120.0,34.0,121.0,35.0,1,1,13.250000000000057,747.0
126.0,34.0,127.0,35.0,7,3,11.664285714285752,1702.857142857143
128.0,34.0,129.0,35.0,3,2,13.716666666666697,1469.3333333333333
130.0,34.0,131.0,35.0,3,1,15.750000000000037,2077.6666666666665
132.0,34.0,133.0,35.0,8,2,14.550000000000033,2007.125
134.0,34.0,135.0,35.0,25,5,15.558000000000032,1650.28
136.0,34.0,137.0,35.0,26,7,14.123076923076958,2114.846153846154
138.0,34.0,139.0,35.0,56,13,12.867857142857176,1976.392857142857
140.0,34.0,141.0,35.0,6,2,15.53333333333336,1442.3333333333333
-124.0,36.0,-123.0,37.0,52,7,13.036538461538495,809.9423076923077
-122.0,36.0,-121.0,37.0,91,8,14.240109890109927,593.6703296703297
-120.0,36.0,-119.0,37.0,133,10,8.18007518796996,812.2857142857143
-118.0,36.0,-117.0,37.0,17,4,14.797058823529449,163.7058823529412
-116.0,36.0,-115.0,37.0,37,5,14.736486486486523,274.8918918918919
-114.0,36.0,-113.0,37.0,68,8,9.963235294117682,438.30882352941177
-112.0,36.0,-111.0,37.0,15,5,10.310000000000032,322.4
-110.0,36.0,-109.0,37.0,29,10,7.056896551724169,488.6551724137931
-108.0,36.0,-107.0,37.0,85,13,3.2500000000000346,738.8117647058823
-106.0,36.0,-105.0,37.0,103,10,5.033495145631101,542.6990291262136
-104.0,36.0,-103.0,37.0,20,3,12.315000000000031,431.75
-102.0,36.0,-101.0,37.0,19,3,13.628947368421091,527.1578947368421
-100.0,36.0,-99.0,37.0,34,4,14.182352941176504,702.5294117647059
-98.0,36.0,-97.0,37.0,77,3,14.535714285714318,973.6883116883117
-96.0,36.0,-95.0,37.0,58,4,14.796551724137965,1178.1896551724137
-94.0,36.0,-93.0,37.0,57,5,14.130701754386,1194.8245614035088
-92.0,36.0,-91.0,37.0,43,5,14.1197674418605,1228.1162790697674
-90.0,36.0,-89.0,37.0,54,5,14.622222222222254,1275.0
-88.0,36.0,-87.0,37.0,61,6,14.70901639344266,1304.1967213114754
-86.0,36.0,-85.0,37.0,45,5,13.92555555555559,1291.911111111111
-84.0,36.0,-83.0,37.0,51,5,12.69901960784317,1265.549019607843
-82.0,36.0,-81.0,37.0,100,6,11.244000000000034,1200.23
-80.0,36.0,-79.0,37.0,85,8,14.497058823529446,1159.9176470588236
-78.0,36.0,-77.0,37.0,59,7,15.209322033898339,1190.0677966101696
-76.0,36.0,-75.0,37.0,15,2,15.076666666666695,1187.1333333333334
-26.0,36.0,-25.0,37.0,4,1,16.57500000000003,1277.25
-10.0,36.0,-9.0,37.0,5,2,15.990000000000032,760.8
-6.0,36.0,-5.0,37.0,1,1,15.950000000000045,498.0
-4.0,36.0,-3.0,37.0,7,4,10.02142857142861,746.4285714285714
-2.0,36.0,-1.0,37.0,2,2,18.30000000000001,290.5
4.0,36.0,5.0,37.0,1,1,14.450000000000045,1004.0
6.0,36.0,7.0,37.0,3,1,18.283333333333378,759.6666666666666
20.0,36.0,21.0,37.0,1,1,16.350000000000023,935.0
22.0,36.0,23.0,37.0,4,3,15.325000000000031,578.5
26.0,36.0,27.0,37.0,4,1,16.87500000000003,675.0
28.0,36.0,29.0,37.0,1,1,10.950000000000045,379.0
30.0,36.0,31.0,37.0,7,1,17.235714285714316,1269.2857142857142
32.0,36.0,33.0,37.0,2,2,11.30000000000004,478.0
36.0,36.0,37.0,37.0,2,2,9.350000000000023,1466.5
42.0,36.0,43.0,37.0,2,2,8.700000000000045,1017.0
44.0,36.0,45.0,37.0,2,2,7.600000000000023,1290.0
48.0,36.0,49.0,37.0,4,2,13.525000000000034,992.0
50.0,36.0,51.0,37.0,4,3,12.775000000000048,917.25
54.0,36.0,55.0,37.0,2,2,5.4500000000000455,707.0
58.0,36.0,59.0,37.0,1,1,14.250000000000057,275.0
98.0,36.0,99.0,37.0,1,1,0.25000000000005684,629.0
100.0,36.0,101.0,37.0,2,1,6.600000000000023,403.5
102.0,36.0,103.0,37.0,1,1,1.0500000000000114,727.0
110.0,36.0,111.0,37.0,1,1,2.150000000000034,893.0
112.0,36.0,113.0,37.0,1,1,11.750000000000057,476.0
116.0,36.0,117.0,37.0,2,1,13.900000000000034,704.5
118.0,36.0,119.0,37.0,2,1,13.250000000000057,580.5
120.0,36.0,121.0,37.0,10,3,12.500000000000039,764.4
122.0,36.0,123.0,37.0,1,1,10.850000000000023,774.0
124.0,36.0,125.0,37.0,2,1,11.950000000000045,1058.0
126.0,36.0,127.0,37.0,29,6,11.994827586206934,1385.6206896551723
128.0,36.0,129.0,37.0,5,3,10.03000000000003,1462.6
136.0,36.0,137.0,37.0,19,7,9.05000000000003,2778.5789473684213
138.0,36.0,139.0,37.0,26,9,8.050000000000033,2215.0384615384614
140.0,36.0,141.0,37.0,11,5,13.213636363636402,1535.1818181818182
-124.0,38.0,-123.0,39.0,133,10,13.701127819548905,1167.451127819549
-122.0,38.0,-121.0,39.0,123,8,11.423983739837432,1174.2682926829268
-120.0,38.0,-119.0,39.0,77,9,7.313636363636395,660.1948051948052
-118.0,38.0,-117.0,39.0,12,5,8.983333333333368,205.91666666666666
-116.0,38.0,-115.0,39.0,33,7,7.928787878787918,363.969696969697
-114.0,38.0,-113.0,39.0,16,5,8.137500000000035,349.625
-112.0,38.0,-111.0,39.0,27,9,6.609259259259295,434.7037037037037
-110.0,38.0,-109.0,39.0,44,10,8.925000000000033,355.75
-108.0,38.0,-107.0,39.0,122,14,1.5270491803279034,681.6065573770492
-106.0,38.0,-105.0,39.0,169,15,5.186686390532579,524.9822485207101
-104.0,38.0,-103.0,39.0,27,5,11.22777777777781,388.6296296296296
-102.0,38.0,-101.0,39.0,11,4,11.86818181818186,525.5454545454545
-100.0,38.0,-99.0,39.0,25,4,12.550000000000034,674.92
-98.0,38.0,-97.0,39.0,60,5,12.930000000000035,877.05
-96.0,38.0,-95.0,39.0,53,5,12.785849056603801,1059.1509433962265
-94.0,38.0,-93.0,39.0,35,4,13.070000000000034,1148.4857142857143
-92.0,38.0,-91.0,39.0,69,5,13.044202898550763,1129.7246376811595
-90.0,38.0,-89.0,39.0,56,4,12.76071428571432,1074.8214285714287
-88.0,38.0,-87.0,39.0,98,5,12.426530612244935,1186.0408163265306
-86.0,38.0,-85.0,39.0,122,5,12.354918032786918,1118.188524590164
-84.0,38.0,-83.0,39.0,114,6,12.220175438596526,1086.3508771929824
-82.0,38.0,-81.0,39.0,72,6,11.613888888888924,1199.111111111111
-80.0,38.0,-79.0,39.0,155,6,10.771290322580679,1198.741935483871
-78.0,38.0,-77.0,39.0,191,7,13.247905759162341,1127.628272251309
-76.0,38.0,-75.0,39.0,126,8,13.369047619047656,1158.6984126984128
-32.0,38.0,-31.0,39.0,1,1,16.650000000000034,1720.0
-30.0,38.0,-29.0,39.0,7,1,16.221428571428596,1256.857142857143
-28.0,38.0,-27.0,39.0,1,1,16.55000000000001,1288.0
-10.0,38.0,-9.0,39.0,54,5,15.529629629629666,791.0370370370371
-8.0,38.0,-7.0,39.0,1,1,14.150000000000034,1053.0
-6.0,38.0,-5.0,39.0,3,1,12.983333333333386,852.3333333333334
-4.0,38.0,-3.0,39.0,5,4,15.050000000000034,416.6
-2.0,38.0,-1.0,39.0,10,4,14.830000000000041,572.7
0.0,38.0,1.0,39.0,1,1,17.55000000000001,841.0
2.0,38.0,3.0,39.0,8,2,16.912500000000044,672.0
8.0,38.0,9.0,39.0,1,1,16.650000000000034,597.0
14.0,38.0,15.0,39.0,2,1,16.00000000000003,798.5
16.0,38.0,17.0,39.0,8,3,10.025000000000034,1296.0
18.0,38.0,19.0,39.0,3,1,17.116666666666692,1150.6666666666667
20.0,38.0,21.0,39.0,24,8,13.08750000000004,1007.8333333333334
22.0,38.0,23.0,39.0,5,2,15.830000000000018,479.0
26.0,38.0,27.0,39.0,6,2,16.383333333333372,703.3333333333334
28.0,38.0,29.0,39.0,9,5,9.438888888888933,920.5555555555555
30.0,38.0,31.0,39.0,4,3,12.375000000000028,417.75
32.0,38.0,33.0,39.0,5,2,12.850000000000033,416.4
34.0,38.0,35.0,39.0,3,3,7.983333333333367,609.6666666666666
38.0,38.0,39.0,39.0,3,3,7.81666666666672,890.0
40.0,38.0,41.0,39.0,2,1,4.2000000000000455,711.5
42.0,38.0,43.0,39.0,3,3,7.250000000000019,631.6666666666666
44.0,38.0,45.0,39.0,5,3,5.110000000000047,667.8
46.0,38.0,47.0,39.0,5,3,3.970000000000039,755.8
48.0,38.0,49.0,39.0,1,1,16.150000000000034,1111.0
64.0,38.0,65.0,39.0,1,1,16.150000000000034,145.0
66.0,38.0,67.0,39.0,5,3,12.370000000000028,469.8
68.0,38.0,69.0,39.0,1,1,-3.9499999999999886,1094.0
70.0,38.0,71.0,39.0,1,1,0.8500000000000227,626.0
72.0,38.0,73.0,39.0,2,2,-3.0499999999999545,501.5
106.0,38.0,107.0,39.0,1,1,9.850000000000023,193.0
112.0,38.0,113.0,39.0,1,1,-0.6499999999999773,1016.0
114.0,38.0,115.0,39.0,5,3,5.410000000000037,705.6
116.0,38.0,117.0,39.0,8,1,13.212500000000041,560.5
118.0,38.0,119.0,39.0,5,1,11.850000000000033,587.6
128.0,38.0,129.0,39.0,2,2,8.150000000000034,1962.0
138.0,38.0,139.0,39.0,3,1,12.950000000000045,2584.0
140.0,38.0,141.0,39.0,10,6,8.18000000000004,2542.0
-126.0,40.0,-125.0,41.0,30,4,11.82333333333337,1921.6666666666667
-124.0,40.0,-123.0,41.0,126,8,10.811904761904795,1390.6746031746031
-122.0,40.0,-121.0,41.0,120,8,8.9066666666667,761.6
-120.0,40.0,-119.0,41.0,19,5,9.060526315789506,274.2105263157895
-118.0,40.0,-117.0,41.0,7,4,9.17857142857146,276.7142857142857
-116.0,40.0,-115.0,41.0,22,5,6.431818181818221,445.40909090909093
-114.0,40.0,-113.0,41.0,24,5,10.345833333333369,426.625
-112.0,40.0,-111.0,41.0,77,11,6.191558441558474,579.0519480519481
-110.0,40.0,-109.0,41.0,19,9,6.755263157894771,325.4736842105263
-108.0,40.0,-107.0,41.0,70,10,3.62571428571432,584.2
-106.0,40.0,-105.0,41.0,117,13,5.352564102564138,476.8888888888889
-104.0,40.0,-103.0,41.0,38,5,9.902631578947402,436.0263157894737
-102.0,40.0,-101.0,41.0,19,6,9.828947368421085,558.5263157894736
-100.0,40.0,-99.0,41.0,25,6,10.326000000000038,692.56
-98.0,40.0,-97.0,41.0,40,5,10.905000000000035,794.7
-96.0,40.0,-95.0,41.0,35,5,10.455714285714322,896.2
-94.0,40.0,-93.0,41.0,43,5,10.11279069767445,946.3720930232558
-92.0,40.0,-91.0,41.0,73,5,10.43767123287675,979.5342465753424
-90.0,40.0,-89.0,41.0,130,6,10.625384615384649,997.6538461538462
-88.0,40.0,-87.0,41.0,142,5,10.718309859154965,1059.225352112676
-86.0,40.0,-85.0,41.0,114,4,10.362280701754418,1014.5526315789474
-84.0,40.0,-83.0,41.0,136,6,10.597794117647094,1005.7867647058823
-82.0,40.0,-81.0,41.0,133,6,10.340225563909808,1069.563909774436
-80.0,40.0,-79.0,41.0,137,6,9.476277372262805,1202.2481751824816
-78.0,40.0,-77.0,41.0,142,6,10.21760563380285,1160.0915492957747
-76.0,40.0,-75.0,41.0,185,8,10.755945945945982,1283.0594594594595
-74.0,40.0,-73.0,41.0,135,6,10.958888888888925,1274.6814814814816
-72.0,40.0,-71.0,41.0,94,6,10.52234042553195,1236.1489361702127
-70.0,40.0,-69.0,41.0,9,5,9.927777777777806,1093.4444444444443
-10.0,40.0,-9.0,41.0,56,4,14.350000000000033,1437.9464285714287
-8.0,40.0,-7.0,41.0,38,4,12.031578947368457,1185.3684210526317
-6.0,40.0,-5.0,41.0,13,3,11.296153846153878,701.6153846153846
-4.0,40.0,-3.0,41.0,39,4,11.911538461538495,629.0512820512821
-2.0,40.0,-1.0,41.0,29,5,12.191379310344864,524.8965517241379
0.0,40.0,1.0,41.0,35,3,14.70428571428575,543.8285714285714
2.0,40.0,3.0,41.0,24,6,14.15000000000004,734.0833333333334
4.0,40.0,5.0,41.0,1,1,16.850000000000023,618.0
8.0,40.0,9.0,41.0,4,1,12.225000000000037,1008.5
12.0,40.0,13.0,41.0,15,3,12.903333333333368,1061.1333333333334
14.0,40.0,15.0,41.0,35,2,14.081428571428605,849.2857142857143
16.0,40.0,17.0,41.0,15,3,15.3966666666667,591.4666666666667
18.0,40.0,19.0,41.0,12,3,16.600000000000033,1055.75
20.0,40.0,21.0,41.0,17,7,9.008823529411798,1063.5882352941176
22.0,40.0,23.0,41.0,17,5,11.314705882352976,652.0588235294117
24.0,40.0,25.0,41.0,8,2,9.737500000000033,913.5
26.0,40.0,27.0,41.0,3,2,12.516666666666689,761.6666666666666
28.0,40.0,29.0,41.0,12,4,13.250000000000034,933.6666666666666
30.0,40.0,31.0,41.0,8,5,10.025000000000034,925.625
32.0,40.0,33.0,41.0,7,3,9.578571428571463,832.5714285714286
36.0,40.0,37.0,41.0,4,3,8.225000000000051,1003.0
38.0,40.0,39.0,41.0,4,1,12.750000000000057,802.75
40.0,40.0,41.0,41.0,3,2,7.850000000000041,1952.3333333333333
42.0,40.0,43.0,41.0,17,7,4.902941176470627,1221.4117647058824
44.0,40.0,45.0,41.0,38,9,5.678947368421089,810.8684210526316
46.0,40.0,47.0,41.0,22,10,4.131818181818219,967.4090909090909
48.0,40.0,49.0,41.0,6,2,11.850000000000032,418.8333333333333
60.0,40.0,61.0,41.0,1,1,13.950000000000045,104.0
66.0,40.0,67.0,41.0,3,2,6.883333333333383,420.3333333333333
68.0,40.0,69.0,41.0,4,3,9.050000000000026,987.5
70.0,40.0,71.0,41.0,7,4,10.035714285714318,787.0
72.0,40.0,73.0,41.0,6,2,6.200000000000027,1197.3333333333333
74.0,40.0,75.0,41.0,3,1,1.0833333333333712,505.6666666666667
76.0,40.0,77.0,41.0,3,2,-4.7166666666666215,558.6666666666666
110.0,40.0,111.0,41.0,1,1,6.9500000000000455,379.0
114.0,40.0,115.0,41.0,2,2,6.450000000000017,601.0
116.0,40.0,117.0,41.0,11,2,10.422727272727302,646.1818181818181
124.0,40.0,125.0,41.0,1,1,6.650000000000034,1022.0
128.0,40.0,129.0,41.0,1,1,-3.0499999999999545,1831.0
140.0,40.0,141.0,41.0,8,3,9.812500000000043,1626.375
-126.0,42.0,-125.0,43.0,35,6,11.667142857142895,2255.942857142857
-124.0,42.0,-123.0,43.0,92,9,10.018478260869598,1432.4782608695652
-122.0,42.0,-121.0,43.0,50,5,7.734000000000036,550.78
-120.0,42.0,-119.0,43.0,52,7,8.0192307692308,365.28846153846155
-118.0,42.0,-117.0,43.0,36,5,10.380555555555587,375.1666666666667
-116.0,42.0,-115.0,43.0,38,5,6.984210526315823,461.7894736842105
-114.0,42.0,-113.0,43.0,44,5,7.847727272727303,368.20454545454544
-112.0,42.0,-111.0,43.0,62,4,3.9532258064516417,728.0
-110.0,42.0,-109.0,43.0,34,6,3.0588235294118,506.47058823529414
-108.0,42.0,-107.0,43.0,16,6,5.97500000000003,329.4375
-106.0,42.0,-105.0,43.0,12,5,8.266666666666703,370.25
-104.0,42.0,-103.0,43.0,58,6,7.858620689655205,470.0689655172414
-102.0,42.0,-101.0,43.0,21,6,9.083333333333368,525.952380952381
-100.0,42.0,-99.0,43.0,36,6,9.058333333333369,624.8055555555555
-98.0,42.0,-97.0,43.0,58,6,8.691379310344859,725.2241379310345
-96.0,42.0,-95.0,43.0,56,5,8.160714285714318,806.6071428571429
-94.0,42.0,-93.0,43.0,81,6,8.084567901234603,906.5802469135803
-92.0,42.0,-91.0,43.0,127,6,8.642913385826809,919.1574803149606
-90.0,42.0,-89.0,43.0,213,6,8.789436619718346,916.2582159624413
-88.0,42.0,-87.0,43.0,62,5,9.18225806451616,985.0967741935484
-86.0,42.0,-85.0,43.0,147,5,8.988775510204118,921.8707482993198
-84.0,42.0,-83.0,43.0,129,5,9.22209302325585,922.8759689922481
-82.0,42.0,-81.0,43.0,117,5,8.358547008547044,1040.4871794871794
-80.0,42.0,-79.0,43.0,107,5,8.543457943925272,1059.6448598130842
-78.0,42.0,-77.0,43.0,114,5,8.757894736842138,1032.9473684210527
-76.0,42.0,-75.0,43.0,106,6,7.583018867924563,1291.7358490566037
-74.0,42.0,-73.0,43.0,156,6,8.148717948717982,1243.775641025641
-72.0,42.0,-71.0,43.0,102,7,9.009803921568663,1295.0588235294117
-70.0,42.0,-69.0,43.0,11,2,7.922727272727301,1296.3636363636363
-68.0,42.0,-67.0,43.0,5,2,7.010000000000036,1430.2
-66.0,42.0,-65.0,43.0,11,2,7.522727272727309,1529.2727272727273
-10.0,42.0,-9.0,43.0,48,4,13.545833333333364,1682.875
-8.0,42.0,-7.0,43.0,52,6,11.071153846153873,1299.576923076923
-6.0,42.0,-5.0,43.0,57,7,10.107894736842134,1248.3508771929824
-4.0,42.0,-3.0,43.0,54,7,12.08703703703707,1176.4259259259259
-2.0,42.0,-1.0,43.0,113,11,10.436725663716846,1447.575221238938
0.0,42.0,1.0,43.0,139,9,9.246402877697877,1016.4748201438849
2.0,42.0,3.0,43.0,97,7,11.717010309278384,1003.1030927835052
4.0,42.0,5.0,43.0,43,5,14.338372093023287,727.6744186046511
6.0,42.0,7.0,43.0,43,5,12.177906976744218,1025.6046511627908
8.0,42.0,9.0,43.0,6,2,12.633333333333374,901.5
10.0,42.0,11.0,43.0,64,7,13.137500000000035,930.734375
12.0,42.0,13.0,43.0,49,6,12.66632653061228,934.1632653061224
14.0,42.0,15.0,43.0,10,2,14.38000000000003,783.8
16.0,42.0,17.0,43.0,41,7,10.70121951219516,1396.439024390244
18.0,42.0,19.0,43.0,41,13,8.289024390243934,1988.5365853658536
20.0,42.0,21.0,43.0,14,8,7.750000000000028,1253.7857142857142
22.0,42.0,23.0,43.0,19,6,6.207894736842143,910.2631578947369
24.0,42.0,25.0,43.0,6,3,9.2666666666667,798.3333333333334
26.0,42.0,27.0,43.0,11,3,11.886363636363662,584.9090909090909
28.0,42.0,29.0,43.0,3,2,12.716666666666717,469.6666666666667
38.0,42.0,39.0,43.0,11,6,10.57727272727277,2501.0
40.0,42.0,41.0,43.0,60,13,4.765000000000031,2068.0666666666666
42.0,42.0,43.0,43.0,101,16,3.4707920792079525,1442.009900990099
44.0,42.0,45.0,43.0,57,12,4.635964912280734,1320.2631578947369
46.0,42.0,47.0,43.0,74,9,6.93648648648652,765.5675675675676
48.0,42.0,49.0,43.0,2,2,13.000000000000057,438.0
68.0,42.0,69.0,43.0,3,3,10.616666666666694,733.3333333333334
70.0,42.0,71.0,43.0,8,4,3.150000000000034,1111.125
72.0,42.0,73.0,43.0,3,3,1.5500000000000302,762.3333333333334
74.0,42.0,75.0,43.0,16,3,6.037500000000033,580.875
76.0,42.0,77.0,43.0,31,6,5.3564516129032596,839.2903225806451
78.0,42.0,79.0,43.0,26,6,0.8192307692308068,710.6538461538462
80.0,42.0,81.0,43.0,5,2,-0.5499999999999545,863.8
82.0,42.0,83.0,43.0,3,3,2.9166666666667047,562.6666666666666
86.0,42.0,87.0,43.0,1,1,7.350000000000023,302.0
88.0,42.0,89.0,43.0,1,1,1.650000000000034,543.0
98.0,42.0,99.0,43.0,1,1,9.850000000000023,58.0
124.0,42.0,125.0,43.0,1,1,6.150000000000034,618.0
130.0,42.0,131.0,43.0,34,6,6.135294117647093,826.6764705882352
132.0,42.0,133.0,43.0,35,6,5.412857142857177,755.8571428571429
134.0,42.0,135.0,43.0,5,4,5.090000000000032,782.6
140.0,42.0,141.0,43.0,11,3,8.104545454545478,1595.8181818181818
142.0,42.0,143.0,43.0,9,4,4.283333333333372,1572.4444444444443
144.0,42.0,145.0,43.0,10,4,5.480000000000041,1293.4
146.0,42.0,147.0,43.0,2,2,5.150000000000034,1464.0
-126.0,44.0,-125.0,45.0,16,4,10.862500000000026,2514.9375
-124.0,44.0,-123.0,45.0,150,5,10.709333333333365,1929.32
-122.0,44.0,-121.0,45.0,100,7,9.288000000000032,761.89
-120.0,44.0,-119.0,45.0,56,5,7.342857142857177,612.8035714285714
-118.0,44.0,-117.0,45.0,35,7,6.707142857142893,713.2857142857143
-116.0,44.0,-115.0,45.0,33,4,4.389393939393976,753.1212121212121
-114.0,44.0,-113.0,45.0,42,6,3.2619047619047983,357.35714285714283
-112.0,44.0,-111.0,45.0,101,6,3.2113861386138947,682.7227722772277
-110.0,44.0,-109.0,45.0,51,5,4.863725490196111,527.7058823529412
-108.0,44.0,-107.0,45.0,17,4,5.773529411764745,558.7647058823529
-106.0,44.0,-105.0,45.0,20,4,7.630000000000035,411.4
-104.0,44.0,-103.0,45.0,26,6,6.657692307692339,543.2307692307693
-102.0,44.0,-101.0,45.0,11,3,8.095454545454567,467.45454545454544
-100.0,44.0,-99.0,45.0,27,4,7.012962962962997,553.8888888888889
-98.0,44.0,-97.0,45.0,72,5,6.738888888888922,659.7916666666666
-96.0,44.0,-95.0,45.0,109,7,6.828899082568842,746.9724770642201
-94.0,44.0,-93.0,45.0,182,7,7.244505494505526,842.8131868131868
-92.0,44.0,-91.0,45.0,76,4,7.02105263157898,862.6973684210526
-90.0,44.0,-89.0,45.0,135,6,6.498148148148183,825.837037037037
-88.0,44.0,-87.0,45.0,91,7,7.021428571428604,840.6703296703297
-86.0,44.0,-85.0,45.0,140,5,6.86357142857146,877.6928571428572
-84.0,44.0,-83.0,45.0,72,7,6.450000000000035,842.2916666666666
-82.0,44.0,-81.0,45.0,79,5,6.625949367088642,1059.6455696202531
-80.0,44.0,-79.0,45.0,106,4,6.218867924528334,992.7075471698113
-78.0,44.0,-77.0,45.0,109,4,6.635321100917464,939.3761467889908
-76.0,44.0,-75.0,45.0,109,5,6.49587155963306,1104.8256880733945
-74.0,44.0,-73.0,45.0,128,5,6.377343750000033,1169.0234375
-72.0,44.0,-71.0,45.0,62,4,5.035483870967775,1286.1290322580646
-70.0,44.0,-69.0,45.0,68,4,6.677941176470619,1273.9558823529412
-68.0,44.0,-67.0,45.0,69,3,6.38478260869569,1321.695652173913
-66.0,44.0,-65.0,45.0,77,4,6.305844155844187,1397.5194805194806
-64.0,44.0,-63.0,45.0,65,4,6.5007692307692615,1395.3692307692309
-62.0,44.0,-61.0,45.0,32,4,6.400000000000034,1561.1875
-60.0,44.0,-59.0,45.0,4,2,6.30000000000004,1623.0
-2.0,44.0,-1.0,45.0,42,7,13.430952380952416,870.547619047619
0.0,44.0,1.0,45.0,63,5,12.56746031746035,963.2539682539683
2.0,44.0,3.0,45.0,114,8,8.708771929824595,1260.6929824561403
4.0,44.0,5.0,45.0,142,9,10.083802816901441,1197.387323943662
6.0,44.0,7.0,45.0,264,13,4.753787878787912,1355.6325757575758
8.0,44.0,9.0,45.0,137,10,10.985766423357699,1230.7299270072992
10.0,44.0,11.0,45.0,140,11,10.705000000000032,1056.85
12.0,44.0,13.0,45.0,53,8,13.314150943396262,1269.754716981132
14.0,44.0,15.0,45.0,120,11,10.0891666666667,1592.1083333333333
16.0,44.0,17.0,45.0,56,10,10.250000000000037,1053.517857142857
18.0,44.0,19.0,45.0,16,5,11.250000000000028,872.5
20.0,44.0,21.0,45.0,17,4,11.667647058823562,704.2941176470588
22.0,44.0,23.0,45.0,20,7,7.095000000000033,973.6
24.0,44.0,25.0,45.0,40,8,6.687500000000028,926.025
26.0,44.0,27.0,45.0,17,4,10.914705882352976,588.7058823529412
28.0,44.0,29.0,45.0,11,3,11.940909090909134,415.72727272727275
30.0,44.0,31.0,45.0,2,2,11.650000000000034,414.0
32.0,44.0,33.0,45.0,24,4,11.516666666666696,713.125
34.0,44.0,35.0,45.0,40,4,10.557500000000035,677.275
36.0,44.0,37.0,45.0,35,4,12.272857142857179,628.6857142857143
38.0,44.0,39.0,45.0,74,12,11.031081081081117,1116.3243243243244
40.0,44.0,41.0,45.0,58,9,8.450000000000035,1135.7758620689656
42.0,44.0,43.0,45.0,25,5,9.738000000000033,547.12
44.0,44.0,45.0,45.0,5,4,11.570000000000027,472.0
46.0,44.0,47.0,45.0,5,2,11.350000000000046,245.2
68.0,44.0,69.0,45.0,1,1,9.950000000000045,162.0
76.0,44.0,77.0,45.0,1,1,10.150000000000034,200.0
78.0,44.0,79.0,45.0,1,1,7.750000000000057,512.0
80.0,44.0,81.0,45.0,7,4,7.021428571428593,358.14285714285717
84.0,44.0,85.0,45.0,1,1,9.850000000000023,115.0
86.0,44.0,87.0,45.0,1,1,7.850000000000023,238.0
126.0,44.0,127.0,45.0,1,1,4.550000000000011,549.0
130.0,44.0,131.0,45.0,1,1,4.750000000000057,557.0
132.0,44.0,133.0,45.0,4,2,4.500000000000028,602.75
134.0,44.0,135.0,45.0,11,5,3.1590909090909505,723.8181818181819
140.0,44.0,141.0,45.0,2,1,3.150000000000034,2239.0
142.0,44.0,143.0,45.0,1,1,5.150000000000034,1150.0
144.0,44.0,145.0,45.0,8,3,5.5000000000000355,1175.0
146.0,44.0,147.0,45.0,4,1,4.600000000000023,1472.0
-126.0,46.0,-125.0,47.0,25,4,10.358000000000038,2761.0
-124.0,46.0,-123.0,47.0,159,4,9.763207547169847,1997.2327044025158
-122.0,46.0,-121.0,47.0,123,6,7.062195121951255,1590.8048780487804
-120.0,46.0,-119.0,47.0,56,4,11.267857142857178,304.07142857142856
-118.0,46.0,-117.0,47.0,77,6,9.790259740259772,586.4675324675325
-116.0,46.0,-115.0,47.0,38,4,8.157894736842138,691.7894736842105
-114.0,46.0,-113.0,47.0,46,5,4.641304347826122,543.6521739130435
-112.0,46.0,-111.0,47.0,32,6,5.884375000000038,434.5
-110.0,46.0,-109.0,47.0,26,4,7.415384615384653,394.8076923076923
-108.0,46.0,-107.0,47.0,10,4,8.38000000000003,342.7
-106.0,46.0,-105.0,47.0,13,4,7.3500000000000405,365.6923076923077
-104.0,46.0,-103.0,47.0,36,4,6.247222222222258,403.9166666666667
-102.0,46.0,-101.0,47.0,51,4,5.548039215686309,467.5098039215686
-100.0,46.0,-99.0,47.0,29,4,5.070689655172451,511.0
-98.0,46.0,-97.0,47.0,68,5,5.498529411764742,612.0294117647059
-96.0,46.0,-95.0,47.0,63,6,4.940476190476225,705.5396825396825
-94.0,46.0,-93.0,47.0,89,6,4.769101123595539,761.9550561797753
-92.0,46.0,-91.0,47.0,67,4,4.585820895522422,812.8805970149253
-90.0,46.0,-89.0,47.0,60,4,4.9050000000000376,862.2333333333333
-88.0,46.0,-87.0,47.0,49,4,5.176530612244939,891.0
-86.0,46.0,-85.0,47.0,64,4,4.8984375000000355,952.6875
-84.0,46.0,-83.0,47.0,40,5,4.667500000000034,900.9
-82.0,46.0,-81.0,47.0,34,4,4.6764705882353255,917.9705882352941
-80.0,46.0,-79.0,47.0,36,3,4.000000000000033,889.1111111111111
-78.0,46.0,-77.0,47.0,2,2,4.850000000000023,1033.5
-76.0,46.0,-75.0,47.0,19,3,4.081578947368452,1152.6315789473683
-74.0,46.0,-73.0,47.0,29,3,5.450000000000028,1109.8620689655172
-72.0,46.0,-71.0,47.0,44,4,4.756818181818215,1233.7954545454545
-70.0,46.0,-69.0,47.0,32,3,4.059375000000035,1131.0
-68.0,46.0,-67.0,47.0,40,3,4.510000000000032,1180.7
-66.0,46.0,-65.0,47.0,42,3,5.2261904761905145,1158.952380952381
-64.0,46.0,-63.0,47.0,34,4,5.885294117647089,1215.735294117647
-62.0,46.0,-61.0,47.0,39,4,5.557692307692335,1605.179487179487
-60.0,46.0,-59.0,47.0,4,2,6.225000000000037,1578.0
-58.0,46.0,-57.0,47.0,2,2,5.500000000000028,1465.0
-56.0,46.0,-55.0,47.0,3,2,5.516666666666708,1637.6666666666667
-54.0,46.0,-53.0,47.0,15,2,5.11000000000004,1529.8
-6.0,46.0,-5.0,47.0,5,3,12.43000000000003,966.8
-4.0,46.0,-3.0,47.0,35,6,12.318571428571465,873.5428571428571
-2.0,46.0,-1.0,47.0,82,6,12.164634146341498,815.0243902439024
0.0,46.0,1.0,47.0,75,6,11.815333333333367,759.6266666666667
2.0,46.0,3.0,47.0,52,5,11.07307692307696,879.8461538461538
4.0,46.0,5.0,47.0,87,8,10.501724137931072,1213.8620689655172
6.0,46.0,7.0,47.0,255,10,6.905686274509839,1515.1450980392158
8.0,46.0,9.0,47.0,288,11,5.562152777777811,1667.8055555555557
10.0,46.0,11.0,47.0,382,11,4.268324607329876,1324.6439790575917
12.0,46.0,13.0,47.0,327,12,5.116055045871593,1567.3761467889908
14.0,46.0,15.0,47.0,288,11,7.003819444444478,1257.6909722222222
16.0,46.0,17.0,47.0,144,9,10.389583333333368,739.7222222222222
18.0,46.0,19.0,47.0,107,7,10.685514018691624,600.6635514018692
20.0,46.0,21.0,47.0,46,6,11.10869565217395,582.7391304347826
22.0,46.0,23.0,47.0,47,8,8.26489361702131,825.5531914893617
24.0,46.0,25.0,47.0,67,8,6.2246268656716754,851.6417910447761
26.0,46.0,27.0,47.0,10,4,9.270000000000028,582.4
28.0,46.0,29.0,47.0,14,3,10.107142857142893,540.0714285714286
30.0,46.0,31.0,47.0,32,4,10.518750000000036,462.71875
32.0,46.0,33.0,47.0,34,4,10.511764705882385,449.6764705882353
34.0,46.0,35.0,47.0,15,4,10.483333333333368,478.93333333333334
36.0,46.0,37.0,47.0,6,3,10.55000000000004,514.1666666666666
38.0,46.0,39.0,47.0,24,4,10.354166666666702,610.4583333333334
40.0,46.0,41.0,47.0,17,3,9.861764705882388,567.0
42.0,46.0,43.0,47.0,14,3,9.850000000000026,456.42857142857144
44.0,46.0,45.0,47.0,1,1,9.950000000000045,420.0
46.0,46.0,47.0,47.0,3,2,10.350000000000023,239.33333333333334
48.0,46.0,49.0,47.0,4,2,10.42500000000004,219.25
66.0,46.0,67.0,47.0,2,1,5.850000000000023,218.5
82.0,46.0,83.0,47.0,1,1,-1.1499999999999773,694.0
86.0,46.0,87.0,47.0,1,1,6.150000000000034,130.0
90.0,46.0,91.0,47.0,2,2,-6.94999999999996,312.0
92.0,46.0,93.0,47.0,5,2,3.8500000000000343,129.6
94.0,46.0,95.0,47.0,2,2,4.050000000000011,79.0
100.0,46.0,101.0,47.0,3,2,-0.6499999999999583,319.0
102.0,46.0,103.0,47.0,5,1,0.9700000000000386,264.8
104.0,46.0,105.0,47.0,2,1,-0.39999999999994884,277.0
106.0,46.0,107.0,47.0,5,3,-0.5699999999999819,249.8
108.0,46.0,109.0,47.0,2,1,-1.7499999999999716,296.0
124.0,46.0,125.0,47.0,2,1,4.400000000000034,451.5
134.0,46.0,135.0,47.0,1,1,2.250000000000057,754.0
140.0,46.0,141.0,47.0,1,1,5.550000000000011,1428.0
142.0,46.0,143.0,47.0,22,3,3.3090909090909406,1061.6363636363637
152.0,46.0,153.0,47.0,2,1,2.2000000000000455,1697.0
-128.0,48.0,-127.0,49.0,5,2,9.250000000000023,3949.0
-126.0,48.0,-125.0,49.0,97,5,9.172680412371164,2692.4742268041236
-124.0,48.0,-123.0,49.0,138,4,9.77681159420293,1596.072463768116
-122.0,48.0,-121.0,49.0,109,7,5.230733944954163,1473.1376146788991
-120.0,48.0,-119.0,49.0,69,5,7.487681159420324,510.5507246376812
-118.0,48.0,-117.0,49.0,69,5,7.500724637681191,900.9420289855072
-116.0,48.0,-115.0,49.0,112,7,4.8660714285714635,853.0803571428571
-114.0,48.0,-113.0,49.0,83,6,5.052409638554251,722.3734939759037
-112.0,48.0,-111.0,49.0,35,4,5.515714285714317,390.65714285714284
-110.0,48.0,-109.0,49.0,25,4,4.462000000000033,438.2
-108.0,48.0,-107.0,49.0,24,3,4.762500000000031,357.25
-106.0,48.0,-105.0,49.0,13,3,4.565384615384644,386.15384615384613
-104.0,48.0,-103.0,49.0,24,4,4.025000000000024,442.7916666666667
-102.0,48.0,-101.0,49.0,38,4,3.7026315789474054,491.39473684210526
-100.0,48.0,-99.0,49.0,35,4,3.3414285714286054,529.0
-98.0,48.0,-97.0,49.0,61,5,3.6516393442623287,586.8196721311475
-96.0,48.0,-95.0,49.0,43,3,3.3941860465116633,698.953488372093
-94.0,48.0,-93.0,49.0,29,3,3.3362068965517593,722.7241379310345
-92.0,48.0,-91.0,49.0,25,3,2.7660000000000284,749.4
-90.0,48.0,-89.0,49.0,48,5,3.047916666666705,764.1875
-88.0,48.0,-87.0,49.0,19,4,2.3184210526316154,845.5263157894736
-86.0,48.0,-85.0,49.0,7,2,2.1357142857143248,889.5714285714286
-84.0,48.0,-83.0,49.0,13,4,1.7884615384615734,847.7692307692307
-82.0,48.0,-81.0,49.0,29,4,1.8913793103448655,865.4827586206897
-80.0,48.0,-79.0,49.0,27,4,2.0500000000000322,923.9629629629629
-78.0,48.0,-77.0,49.0,5,2,2.2100000000000364,962.4
-76.0,48.0,-75.0,49.0,3,2,0.11666666666671215,1146.3333333333333
-74.0,48.0,-73.0,49.0,8,3,2.7625000000000384,956.75
-72.0,48.0,-71.0,49.0,22,3,3.036363636363663,1066.6363636363637
-70.0,48.0,-69.0,49.0,20,3,3.2050000000000325,1081.55
-68.0,48.0,-67.0,49.0,17,3,2.3264705882353316,1327.4705882352941
-66.0,48.0,-65.0,49.0,22,3,3.140909090909128,1201.3181818181818
-64.0,48.0,-63.0,49.0,15,3,3.043333333333366,1168.5333333333333
-62.0,48.0,-61.0,49.0,1,1,3.750000000000057,1118.0
-60.0,48.0,-59.0,49.0,12,3,4.416666666666704,1481.25
-58.0,48.0,-57.0,49.0,18,3,3.4833333333333707,1636.2777777777778
-56.0,48.0,-55.0,49.0,15,3,4.303333333333368,1280.1333333333334
-54.0,48.0,-53.0,49.0,10,2,4.6100000000000305,1372.0
-8.0,48.0,-7.0,49.0,2,2,12.100000000000023,888.0
-6.0,48.0,-5.0,49.0,28,3,11.967857142857179,1007.5714285714286
-4.0,48.0,-3.0,49.0,67,5,11.448507462686605,906.2388059701492
-2.0,48.0,-1.0,49.0,75,6,11.303333333333367,855.8533333333334
0.0,48.0,1.0,49.0,109,6,10.763761467889942,787.697247706422
2.0,48.0,3.0,49.0,144,6,10.978472222222258,722.9097222222222
4.0,48.0,5.0,49.0,81,6,9.743827160493861,977.2345679012345
6.0,48.0,7.0,49.0,165,7,9.7166666666667,927.7818181818182
8.0,48.0,9.0,49.0,220,7,9.097272727272763,947.4045454545454
10.0,48.0,11.0,49.0,192,8,8.826041666666702,871.6458333333334
12.0,48.0,13.0,49.0,171,10,8.024853801169623,927.8947368421053
14.0,48.0,15.0,49.0,241,10,8.397717842323686,739.5684647302904
16.0,48.0,17.0,49.0,226,9,9.077876106194724,646.0309734513274
18.0,48.0,19.0,49.0,219,11,7.216666666666701,950.4429223744293
20.0,48.0,21.0,49.0,195,10,7.51461538461542,842.5487179487179
22.0,48.0,23.0,49.0,144,8,7.347222222222255,958.0
24.0,48.0,25.0,49.0,97,9,6.312886597938176,960.7731958762887
26.0,48.0,27.0,49.0,25,4,8.182000000000038,658.28
28.0,48.0,29.0,49.0,33,6,8.2166666666667,611.6969696969697
30.0,48.0,31.0,49.0,67,6,8.515671641791082,598.955223880597
32.0,48.0,33.0,49.0,59,6,8.687288135593258,559.5254237288135
34.0,48.0,35.0,49.0,101,7,8.49455445544558,571.3960396039604
36.0,48.0,37.0,49.0,37,6,8.252702702702738,563.7297297297297
38.0,48.0,39.0,49.0,20,6,8.285000000000029,552.9
40.0,48.0,41.0,49.0,32,3,8.187500000000032,537.21875
42.0,48.0,43.0,49.0,17,3,8.202941176470631,448.5882352941176
44.0,48.0,45.0,49.0,21,3,8.740476190476226,386.14285714285717
46.0,48.0,47.0,49.0,4,2,9.30000000000004,299.75
66.0,48.0,67.0,49.0,6,3,4.05000000000003,336.1666666666667
72.0,48.0,73.0,49.0,11,3,3.6772727272727574,339.45454545454544
74.0,48.0,75.0,49.0,1,1,2.150000000000034,355.0
80.0,48.0,81.0,49.0,1,1,3.750000000000057,371.0
82.0,48.0,83.0,49.0,4,4,3.3750000000000284,558.0
84.0,48.0,85.0,49.0,5,4,-0.5099999999999681,742.4
86.0,48.0,87.0,49.0,8,5,-3.9374999999999645,696.25
88.0,48.0,89.0,49.0,6,3,-4.999999999999972,318.5
90.0,48.0,91.0,49.0,1,1,-5.149999999999977,235.0
92.0,48.0,93.0,49.0,4,3,0.7000000000000455,204.0
94.0,48.0,95.0,49.0,1,1,0.5500000000000114,249.0
96.0,48.0,97.0,49.0,4,1,-2.8999999999999773,267.5
98.0,48.0,99.0,49.0,10,2,-3.009999999999974,270.9
100.0,48.0,101.0,49.0,2,1,0.3000000000000398,304.5
102.0,48.0,103.0,49.0,3,1,1.8833333333333637,320.6666666666667
104.0,48.0,105.0,49.0,3,1,1.4500000000000266,316.6666666666667
106.0,48.0,107.0,49.0,17,5,-0.497058823529381,382.11764705882354
110.0,48.0,111.0,49.0,8,1,-0.12499999999996447,331.75
114.0,48.0,115.0,49.0,1,1,1.2500000000000568,285.0
126.0,48.0,127.0,49.0,2,2,1.3000000000000398,544.0
130.0,48.0,131.0,49.0,3,2,-0.5166666666666325,747.0
132.0,48.0,133.0,49.0,1,1,0.5500000000000114,774.0
134.0,48.0,135.0,49.0,3,2,2.28333333333336,706.0
138.0,48.0,139.0,49.0,1,1,-4.649999999999977,1223.0
142.0,48.0,143.0,49.0,3,2,1.0833333333333712,909.3333333333334
154.0,48.0,155.0,49.0,2,1,2.55000000000004,1747.0
-130.0,50.0,-129.0,51.0,2,2,9.000000000000028,3384.0
-128.0,50.0,-127.0,51.0,11,3,8.259090909090952,2850.818181818182
-126.0,50.0,-125.0,51.0,12,3,8.941666666666714,1905.0
-124.0,50.0,-123.0,51.0,55,6,3.748181818181852,960.9090909090909
-122.0,50.0,-121.0,51.0,113,6,5.00752212389384,448.86725663716817
-120.0,50.0,-119.0,51.0,52,5,7.026923076923111,784.2692307692307
-118.0,50.0,-117.0,51.0,58,8,3.1448275862069295,1002.6551724137931
-116.0,50.0,-115.0,51.0,139,8,2.0384892086331265,650.3956834532374
-114.0,50.0,-113.0,51.0,69,4,4.770289855072499,410.536231884058
-112.0,50.0,-111.0,51.0,31,4,5.453225806451648,330.19354838709677
-110.0,50.0,-109.0,51.0,22,3,4.518181818181853,352.77272727272725
-108.0,50.0,-107.0,51.0,28,4,3.7464285714286114,371.92857142857144
-106.0,50.0,-105.0,51.0,40,4,3.2750000000000314,417.425
-104.0,50.0,-103.0,51.0,32,3,2.446875000000036,467.5625
-102.0,50.0,-101.0,51.0,32,5,1.8250000000000384,533.65625
-100.0,50.0,-99.0,51.0,18,5,2.283333333333366,546.7222222222222
-98.0,50.0,-97.0,51.0,50,5,2.874000000000028,562.46
-96.0,50.0,-95.0,51.0,14,3,2.65000000000003,598.1428571428571
-94.0,50.0,-93.0,51.0,9,2,1.6388888888889268,718.8888888888889
-92.0,50.0,-91.0,51.0,4,2,1.775000000000034,752.25
-90.0,50.0,-89.0,51.0,1,1,0.9500000000000455,800.0
-82.0,50.0,-81.0,51.0,3,2,-0.18333333333329924,751.3333333333334
-80.0,50.0,-79.0,51.0,2,2,-0.14999999999997726,804.0
-74.0,50.0,-73.0,51.0,1,1,-0.049999999999954525,1163.0
-68.0,50.0,-67.0,51.0,2,1,2.4500000000000455,1081.0
-66.0,50.0,-65.0,51.0,1,1,2.250000000000057,1057.0
-64.0,50.0,-63.0,51.0,6,3,2.1333333333333635,1110.6666666666667
-62.0,50.0,-61.0,51.0,1,1,2.5500000000000114,1185.0
-58.0,50.0,-57.0,51.0,5,3,2.370000000000027,1416.0
-56.0,50.0,-55.0,51.0,2,2,0.8500000000000227,1223.5
-12.0,50.0,-11.0,51.0,7,3,10.650000000000043,2382.714285714286
-10.0,50.0,-9.0,51.0,29,3,10.315517241379341,1649.551724137931
-8.0,50.0,-7.0,51.0,2,2,10.700000000000045,1183.0
-6.0,50.0,-5.0,51.0,96,5,10.790625000000032,1203.8645833333333
-4.0,50.0,-3.0,51.0,192,8,10.303125000000039,1087.0833333333333
-2.0,50.0,-1.0,51.0,176,7,10.34602272727276,781.3920454545455
0.0,50.0,1.0,51.0,116,5,10.6034482758621,748.4137931034483
2.0,50.0,3.0,51.0,113,5,10.54557522123897,827.0796460176991
4.0,50.0,5.0,51.0,213,6,10.009624413145573,903.9483568075117
6.0,50.0,7.0,51.0,178,6,9.250561797752843,939.8202247191011
8.0,50.0,9.0,51.0,207,6,8.603623188405832,900.2173913043479
10.0,50.0,11.0,51.0,186,6,8.174193548387132,808.752688172043
12.0,50.0,13.0,51.0,167,8,8.035628742515005,776.0598802395209
14.0,50.0,15.0,51.0,193,9,8.075388601036305,797.300518134715
16.0,50.0,17.0,51.0,154,9,7.960389610389645,738.9675324675325
18.0,50.0,19.0,51.0,100,6,8.664000000000033,685.87
20.0,50.0,21.0,51.0,89,7,8.588202247191042,619.8426966292135
22.0,50.0,23.0,51.0,65,7,8.280769230769264,611.9538461538461
24.0,50.0,25.0,51.0,50,6,8.07800000000003,643.3
26.0,50.0,27.0,51.0,53,5,7.817924528301924,654.3396226415094
28.0,50.0,29.0,51.0,51,6,7.7911764705882725,635.6274509803922
30.0,50.0,31.0,51.0,93,7,7.977956989247344,616.4193548387096
32.0,50.0,33.0,51.0,45,4,7.592222222222252,621.1555555555556
34.0,50.0,35.0,51.0,47,6,7.130851063829822,630.6170212765958
36.0,50.0,37.0,51.0,93,11,6.985483870967777,610.5698924731183
38.0,50.0,39.0,51.0,89,7,7.209550561797784,584.1910112359551
40.0,50.0,41.0,51.0,109,5,7.196788990825722,536.1009174311927
42.0,50.0,43.0,51.0,34,5,7.120588235294148,505.55882352941177
44.0,50.0,45.0,51.0,22,3,6.09545454545458,494.1363636363636
46.0,50.0,47.0,51.0,14,3,6.542857142857185,487.35714285714283
48.0,50.0,49.0,51.0,2,2,6.250000000000057,444.0
52.0,50.0,53.0,51.0,5,4,5.6700000000000275,375.2
54.0,50.0,55.0,51.0,7,3,5.2785714285714675,378.14285714285717
56.0,50.0,57.0,51.0,9,5,5.061111111111144,368.6666666666667
58.0,50.0,59.0,51.0,6,3,4.133333333333373,359.5
70.0,50.0,71.0,51.0,5,3,3.370000000000027,325.4
72.0,50.0,73.0,51.0,3,1,3.183333333333356,309.3333333333333
78.0,50.0,79.0,51.0,3,2,3.9500000000000264,303.3333333333333
80.0,50.0,81.0,51.0,27,5,4.068518518518557,335.55555555555554
82.0,50.0,83.0,51.0,37,7,2.4608108108108495,840.1081081081081
84.0,50.0,85.0,51.0,55,6,1.6790909090909447,629.0545454545454
86.0,50.0,87.0,51.0,25,5,1.00200000000003,626.6
88.0,50.0,89.0,51.0,4,2,-3.5999999999999517,357.5
90.0,50.0,91.0,51.0,2,1,0.8000000000000398,297.0
92.0,50.0,93.0,51.0,1,1,2.8500000000000227,370.0
94.0,50.0,95.0,51.0,4,3,-2.274999999999963,582.0
98.0,50.0,99.0,51.0,3,1,-4.783333333333284,441.0
100.0,50.0,101.0,51.0,9,2,-3.027777777777746,506.0
102.0,50.0,103.0,51.0,16,4,-0.818749999999973,920.1875
104.0,50.0,105.0,51.0,36,5,1.252777777777813,801.9444444444445
106.0,50.0,107.0,51.0,19,5,-0.018421052631544244,329.2105263157895
108.0,50.0,109.0,51.0,3,2,-0.31666666666662496,389.6666666666667
112.0,50.0,113.0,51.0,3,2,-0.31666666666664395,353.6666666666667
114.0,50.0,115.0,51.0,6,2,-0.33333333333329546,362.3333333333333
116.0,50.0,117.0,51.0,5,4,-2.1299999999999613,396.6
118.0,50.0,119.0,51.0,2,2,-1.7499999999999716,388.0
120.0,50.0,121.0,51.0,1,1,-0.9499999999999886,355.0
126.0,50.0,127.0,51.0,4,3,1.025000000000034,528.5
128.0,50.0,129.0,51.0,1,1,0.4500000000000455,563.0
136.0,50.0,137.0,51.0,2,1,0.5500000000000114,549.0
142.0,50.0,143.0,51.0,5,2,-0.22999999999997273,963.6
154.0,50.0,155.0,51.0,2,1,-2.099999999999966,3208.0
156.0,50.0,157.0,51.0,5,1,0.27000000000003865,1354.0
-134.0,52.0,-133.0,53.0,8,2,7.98750000000004,2485.5
-132.0,52.0,-131.0,53.0,13,3,8.888461538461573,2657.230769230769
-130.0,52.0,-129.0,53.0,1,1,8.250000000000057,3136.0
-128.0,52.0,-127.0,53.0,5,3,6.1700000000000275,1801.8
-126.0,52.0,-125.0,53.0,6,3,3.016666666666699,623.8333333333334
-124.0,52.0,-123.0,53.0,19,4,5.4552631578947715,596.3684210526316
-122.0,52.0,-121.0,53.0,21,5,3.816666666666698,956.0952380952381
-120.0,52.0,-119.0,53.0,18,5,2.216666666666697,714.0
-118.0,52.0,-117.0,53.0,25,5,-0.05799999999996089,656.44
-116.0,52.0,-115.0,53.0,42,4,3.3714285714286043,543.6428571428571
-114.0,52.0,-113.0,53.0,77,5,3.194155844155878,460.02597402597405
-112.0,52.0,-111.0,53.0,27,4,2.650000000000034,403.51851851851853
-110.0,52.0,-109.0,53.0,19,4,2.007894736842143,420.36842105263156
-108.0,52.0,-107.0,53.0,53,5,2.014150943396262,432.54716981132077
-106.0,52.0,-105.0,53.0,25,3,1.6140000000000396,444.84
-104.0,52.0,-103.0,53.0,9,3,1.4166666666666983,495.3333333333333
-102.0,52.0,-101.0,53.0,5,2,0.9700000000000386,511.4
-100.0,52.0,-99.0,53.0,2,2,1.3500000000000227,516.5
-96.0,52.0,-95.0,53.0,1,1,-0.5499999999999545,542.0
-88.0,52.0,-87.0,53.0,1,1,-0.9499999999999886,648.0
-12.0,52.0,-11.0,53.0,19,4,10.402631578947403,1815.7368421052631
-10.0,52.0,-9.0,53.0,95,4,9.915263157894769,1469.5894736842106
-8.0,52.0,-7.0,53.0,122,4,9.770491803278722,1083.483606557377
-6.0,52.0,-5.0,53.0,47,3,10.286170212765992,1299.7021276595744
-4.0,52.0,-3.0,53.0,157,7,9.505414012738889,1084.6369426751592
-2.0,52.0,-1.0,53.0,200,7,9.687000000000035,748.89
0.0,52.0,1.0,53.0,97,5,10.184020618556737,652.3814432989691
4.0,52.0,5.0,53.0,83,5,10.136746987951838,898.5180722891566
6.0,52.0,7.0,53.0,98,5,9.676530612244932,870.2448979591836
8.0,52.0,9.0,53.0,151,5,9.31225165562917,838.0
10.0,52.0,11.0,53.0,120,5,9.108333333333372,726.7333333333333
12.0,52.0,13.0,53.0,111,5,9.164414414414448,595.9639639639639
14.0,52.0,15.0,53.0,72,5,9.011111111111147,599.9722222222222
16.0,52.0,17.0,53.0,60,4,8.5916666666667,581.5333333333333
18.0,52.0,19.0,53.0,73,5,8.303424657534281,567.3424657534247
20.0,52.0,21.0,53.0,65,6,8.150000000000027,594.2307692307693
22.0,52.0,23.0,53.0,69,6,7.610869565217426,603.0869565217391
24.0,52.0,25.0,53.0,61,5,7.189344262295115,668.9508196721312
26.0,52.0,27.0,53.0,67,6,6.742537313432869,678.2686567164179
28.0,52.0,29.0,53.0,25,2,6.982000000000032,656.12
30.0,52.0,31.0,53.0,36,4,6.747222222222256,659.3055555555555
32.0,52.0,33.0,53.0,90,6,6.38444444444448,663.3888888888889
34.0,52.0,35.0,53.0,120,7,6.221666666666699,679.5833333333334
36.0,52.0,37.0,53.0,51,6,5.722549019607873,657.0196078431372
38.0,52.0,39.0,53.0,53,5,5.850000000000033,588.9622641509434
40.0,52.0,41.0,53.0,35,5,5.955714285714323,569.2285714285714
42.0,52.0,43.0,53.0,50,6,5.52600000000003,577.0
44.0,52.0,45.0,53.0,106,8,5.132075471698148,557.9622641509434
46.0,52.0,47.0,53.0,58,7,5.003448275862106,562.1206896551724
48.0,52.0,49.0,53.0,38,5,5.331578947368459,526.578947368421
50.0,52.0,51.0,53.0,41,5,5.001219512195158,503.2439024390244
52.0,52.0,53.0,53.0,5,3,4.93000000000003,479.0
54.0,52.0,55.0,53.0,8,3,3.9375000000000284,526.0
56.0,52.0,57.0,53.0,26,6,3.4076923076923413,651.8846153846154
58.0,52.0,59.0,53.0,42,6,2.938095238095266,409.76190476190476
60.0,52.0,61.0,53.0,2,2,3.750000000000057,383.5
62.0,52.0,63.0,53.0,2,1,3.80000000000004,337.0
64.0,52.0,65.0,53.0,2,2,3.55000000000004,322.0
68.0,52.0,69.0,53.0,1,1,1.9500000000000455,369.0
72.0,52.0,73.0,53.0,1,1,2.5500000000000114,357.0
74.0,52.0,75.0,53.0,4,1,2.5000000000000284,356.0
76.0,52.0,77.0,53.0,5,3,3.0900000000000545,297.4
78.0,52.0,79.0,53.0,4,3,2.600000000000051,326.5
80.0,52.0,81.0,53.0,29,5,2.725862068965551,376.0344827586207
82.0,52.0,83.0,53.0,55,8,2.7881818181818527,452.6545454545454
84.0,52.0,85.0,53.0,38,5,2.573684210526355,617.6578947368421
86.0,52.0,87.0,53.0,44,6,2.200000000000034,820.8636363636364
88.0,52.0,89.0,53.0,11,5,1.3772727272727614,1081.4545454545455
90.0,52.0,91.0,53.0,21,5,2.369047619047657,494.8095238095238
92.0,52.0,93.0,53.0,11,5,0.9772727272727583,969.8181818181819
96.0,52.0,97.0,53.0,1,1,-5.449999999999989,847.0
98.0,52.0,99.0,53.0,3,2,-4.283333333333284,440.0
100.0,52.0,101.0,53.0,1,1,-5.0499999999999545,526.0
102.0,52.0,103.0,53.0,51,6,-0.014705882352911082,493.96078431372547
104.0,52.0,105.0,53.0,40,5,0.027500000000033255,438.05
106.0,52.0,107.0,53.0,11,3,0.004545454545496919,368.6363636363636
108.0,52.0,109.0,53.0,12,4,-1.6999999999999649,493.8333333333333
110.0,52.0,111.0,53.0,2,2,-1.349999999999966,376.0
122.0,52.0,123.0,53.0,1,1,-3.1499999999999773,525.0
124.0,52.0,125.0,53.0,1,1,-2.1499999999999773,569.0
142.0,52.0,143.0,53.0,3,2,-0.9833333333332916,775.0
156.0,52.0,157.0,53.0,12,1,-0.658333333333303,1282.5
158.0,52.0,159.0,53.0,20,2,0.8600000000000421,1489.4
172.0,52.0,173.0,53.0,1,1,3.4500000000000455,1355.0
-164.0,54.0,-163.0,55.0,1,1,4.150000000000034,1526.0
-134.0,54.0,-133.0,55.0,4,2,6.67500000000004,3062.0
-132.0,54.0,-131.0,55.0,5,3,7.470000000000027,3372.6
-130.0,54.0,-129.0,55.0,7,3,4.750000000000033,1828.857142857143
-128.0,54.0,-127.0,55.0,14,3,3.3357142857143174,678.0
-126.0,54.0,-125.0,55.0,5,1,4.510000000000036,476.6
-124.0,54.0,-123.0,55.0,12,4,3.7583333333333684,816.6666666666666
-122.0,54.0,-121.0,55.0,13,5,1.934615384615409,725.2307692307693
-120.0,54.0,-119.0,55.0,20,5,2.730000000000035,516.55
-118.0,54.0,-117.0,55.0,13,3,2.9961538461538804,528.8461538461538
-116.0,54.0,-115.0,55.0,8,2,2.587500000000034,525.125
-114.0,54.0,-113.0,55.0,14,2,2.642857142857179,436.92857142857144
-112.0,54.0,-111.0,55.0,11,2,2.086363636363677,445.0
-110.0,54.0,-109.0,55.0,5,2,2.030000000000041,438.6
-108.0,54.0,-107.0,55.0,3,1,1.183333333333375,464.6666666666667
-106.0,54.0,-105.0,55.0,2,1,0.8000000000000398,485.0
-104.0,54.0,-103.0,55.0,1,1,0.4500000000000455,476.0
-102.0,54.0,-101.0,55.0,1,1,-0.049999999999954525,486.0
-100.0,54.0,-99.0,55.0,5,1,-1.1099999999999681,555.6
-98.0,54.0,-97.0,55.0,1,1,-1.849999999999966,600.0
-12.0,54.0,-11.0,55.0,1,1,10.550000000000011,1579.0
-10.0,54.0,-9.0,55.0,34,4,9.776470588235323,1572.9705882352941
-8.0,54.0,-7.0,55.0,94,4,9.507446808510673,1293.436170212766
-6.0,54.0,-5.0,55.0,110,4,9.44545454545458,1416.7363636363636
-4.0,54.0,-3.0,55.0,190,5,8.492105263157931,1319.8315789473684
-2.0,54.0,-1.0,55.0,98,5,9.0979591836735,804.4387755102041
6.0,54.0,7.0,55.0,2,2,9.550000000000011,773.0
8.0,54.0,9.0,55.0,166,6,8.636746987951842,862.4277108433735
10.0,54.0,11.0,55.0,180,5,8.792222222222257,668.6944444444445
12.0,54.0,13.0,55.0,124,7,8.339516129032292,690.5483870967741
14.0,54.0,15.0,55.0,33,5,8.325757575757605,657.3636363636364
16.0,54.0,17.0,55.0,23,4,8.002173913043514,730.304347826087
18.0,54.0,19.0,55.0,41,4,7.881707317073205,663.7317073170732
20.0,54.0,21.0,55.0,77,4,7.724025974026007,796.6493506493506
22.0,54.0,23.0,55.0,126,6,7.076984126984161,694.2380952380952
24.0,54.0,25.0,55.0,158,5,6.798101265822819,702.2658227848101
26.0,54.0,27.0,55.0,80,5,6.2137500000000365,700.3875
28.0,54.0,29.0,55.0,42,5,6.166666666666706,712.8571428571429
30.0,54.0,31.0,55.0,37,5,5.795945945945975,717.2162162162163
32.0,54.0,33.0,55.0,21,5,5.4785714285714535,725.1428571428571
34.0,54.0,35.0,55.0,72,5,5.2847222222222525,687.5555555555555
36.0,54.0,37.0,55.0,240,5,5.2691666666667025,678.2
38.0,54.0,39.0,55.0,152,5,5.462500000000034,641.1184210526316
40.0,54.0,41.0,55.0,74,5,5.372972972973005,633.5540540540541
42.0,54.0,43.0,55.0,108,6,5.068518518518555,592.1851851851852
44.0,54.0,45.0,55.0,111,8,4.758108108108142,550.7837837837837
46.0,54.0,47.0,55.0,106,8,4.653773584905693,511.6981132075472
48.0,54.0,49.0,55.0,57,8,4.562280701754417,542.2105263157895
50.0,54.0,51.0,55.0,36,7,4.138888888888925,531.3333333333334
52.0,54.0,53.0,55.0,52,7,3.9076923076923413,501.4807692307692
54.0,54.0,55.0,55.0,30,6,3.993333333333368,570.2666666666667
56.0,54.0,57.0,55.0,34,6,3.470588235294153,767.8529411764706
58.0,54.0,59.0,55.0,58,5,1.812068965517275,691.0172413793103
60.0,54.0,61.0,55.0,71,8,2.816197183098626,488.0281690140845
62.0,54.0,63.0,55.0,12,3,3.066666666666715,435.0
64.0,54.0,65.0,55.0,17,5,2.7147058823529733,407.7647058823529
66.0,54.0,67.0,55.0,1,1,2.250000000000057,391.0
68.0,54.0,69.0,55.0,18,4,2.0111111111111453,402.72222222222223
70.0,54.0,71.0,55.0,4,3,2.050000000000054,384.5
72.0,54.0,73.0,55.0,19,4,1.9552631578947626,390.42105263157896
74.0,54.0,75.0,55.0,8,2,1.8125000000000426,368.875
76.0,54.0,77.0,55.0,3,2,1.683333333333356,370.3333333333333
80.0,54.0,81.0,55.0,12,4,1.7250000000000323,399.5
82.0,54.0,83.0,55.0,69,8,1.4963768115942409,491.3478260869565
84.0,54.0,85.0,55.0,31,6,1.3370967741935829,587.7096774193549
86.0,54.0,87.0,55.0,9,4,1.4722222222222539,666.7777777777778
88.0,54.0,89.0,55.0,7,3,1.0214285714286007,590.7142857142857
90.0,54.0,91.0,55.0,5,2,1.9300000000000295,386.4
92.0,54.0,93.0,55.0,11,3,0.9681818181818574,580.0909090909091
94.0,54.0,95.0,55.0,3,2,0.9833333333333675,563.0
96.0,54.0,97.0,55.0,1,1,0.35000000000002274,571.0
98.0,54.0,99.0,55.0,9,4,0.21666666666669698,508.77777777777777
100.0,54.0,101.0,55.0,11,1,-0.4409090909090568,483.72727272727275
102.0,54.0,103.0,55.0,2,1,-0.39999999999994884,427.5
104.0,54.0,105.0,55.0,4,2,-1.349999999999966,385.5
106.0,54.0,107.0,55.0,2,2,-3.0499999999999545,698.0
108.0,54.0,109.0,55.0,4,1,-3.149999999999963,687.25
110.0,54.0,111.0,55.0,2,1,-1.5499999999999545,400.5
122.0,54.0,123.0,55.0,1,1,-2.749999999999943,491.0
142.0,54.0,143.0,55.0,1,1,-1.5499999999999545,684.0
154.0,54.0,155.0,55.0,1,1,1.4500000000000455,1069.0
156.0,54.0,157.0,55.0,1,1,-0.8499999999999659,1196.0
158.0,54.0,159.0,55.0,14,2,-1.428571428571392,785.5
160.0,54.0,161.0,55.0,4,1,-1.4499999999999744,1323.0
164.0,54.0,165.0,55.0,2,1,3.150000000000034,991.5
166.0,54.0,167.0,55.0,4,1,3.0750000000000455,1087.5
-154.0,56.0,-153.0,57.0,3,2,4.750000000000019,2942.0
-136.0,56.0,-135.0,57.0,1,1,5.750000000000057,2577.0
-134.0,56.0,-133.0,57.0,1,1,5.4500000000000455,2550.0
-132.0,56.0,-131.0,57.0,1,1,0.35000000000002274,3272.0
-130.0,56.0,-129.0,57.0,5,3,2.3100000000000365,1608.2
-128.0,56.0,-127.0,57.0,2,1,-0.8999999999999488,837.5
-124.0,56.0,-123.0,57.0,1,1,1.3500000000000227,551.0
-122.0,56.0,-121.0,57.0,11,2,2.8045454545454827,473.72727272727275
-120.0,56.0,-119.0,57.0,3,2,1.9166666666667045,424.3333333333333
-118.0,56.0,-117.0,57.0,6,2,1.9333333333333655,433.3333333333333
-114.0,56.0,-113.0,57.0,1,1,1.4500000000000455,463.0
-112.0,56.0,-111.0,57.0,7,2,1.321428571428612,431.2857142857143
-10.0,56.0,-9.0,57.0,1,1,9.250000000000057,5251.0
-8.0,56.0,-7.0,57.0,80,4,9.361250000000032,1892.7125
-6.0,56.0,-5.0,57.0,154,4,8.410389610389643,2053.9415584415583
-4.0,56.0,-3.0,57.0,154,5,8.301298701298734,1015.422077922078
-2.0,56.0,-1.0,57.0,4,3,9.050000000000011,858.25
6.0,56.0,7.0,57.0,2,2,8.350000000000051,1543.5
8.0,56.0,9.0,57.0,143,6,8.461188811188844,832.3146853146853
10.0,56.0,11.0,57.0,103,6,8.439320388349552,753.6407766990292
12.0,56.0,13.0,57.0,108,6,7.282407407407444,931.5925925925926
14.0,56.0,15.0,57.0,48,5,6.6791666666667,721.1041666666666
16.0,56.0,17.0,57.0,40,4,7.662500000000039,559.9
18.0,56.0,19.0,57.0,28,4,7.746428571428609,567.8214285714286
20.0,56.0,21.0,57.0,15,4,7.023333333333365,827.2666666666667
22.0,56.0,23.0,57.0,32,5,6.809375000000035,696.75
24.0,56.0,25.0,57.0,46,6,6.702173913043516,721.2608695652174
26.0,56.0,27.0,57.0,19,4,5.928947368421087,707.3684210526316
28.0,56.0,29.0,57.0,29,5,5.8603448275862355,716.4137931034483
30.0,56.0,31.0,57.0,23,5,5.597826086956559,732.9130434782609
32.0,56.0,33.0,57.0,42,5,4.871428571428605,748.8095238095239
34.0,56.0,35.0,57.0,65,5,4.980769230769263,688.9230769230769
36.0,56.0,37.0,57.0,125,6,4.950000000000035,698.568
38.0,56.0,39.0,57.0,151,5,4.594370860927184,655.1854304635762
40.0,56.0,41.0,57.0,138,5,4.463768115942064,631.572463768116
42.0,56.0,43.0,57.0,72,5,4.581944444444475,649.2361111111111
44.0,56.0,45.0,57.0,56,6,4.441071428571462,655.4285714285714
46.0,56.0,47.0,57.0,39,6,4.319230769230799,572.4871794871794
48.0,56.0,49.0,57.0,20,5,3.740000000000035,565.05
50.0,56.0,51.0,57.0,7,3,3.5071428571428913,568.1428571428571
52.0,56.0,53.0,57.0,29,5,3.163793103448309,563.2068965517242
54.0,56.0,55.0,57.0,16,4,3.1437500000000433,578.6875
56.0,56.0,57.0,57.0,25,4,2.6300000000000296,632.96
58.0,56.0,59.0,57.0,50,5,1.8880000000000337,651.14
60.0,56.0,61.0,57.0,98,7,2.2836734693877907,555.4489795918367
62.0,56.0,63.0,57.0,11,3,2.5500000000000322,506.54545454545456
64.0,56.0,65.0,57.0,53,7,2.1500000000000363,479.20754716981133
66.0,56.0,67.0,57.0,16,6,2.0000000000000355,464.375
68.0,56.0,69.0,57.0,24,6,1.6041666666666998,432.9166666666667
70.0,56.0,71.0,57.0,11,6,1.3045454545454824,469.0
72.0,56.0,73.0,57.0,52,8,1.0942307692307929,474.86538461538464
74.0,56.0,75.0,57.0,16,5,0.9125000000000298,447.0
76.0,56.0,77.0,57.0,2,1,0.9000000000000341,422.5
82.0,56.0,83.0,57.0,3,2,0.6833333333333561,511.6666666666667
84.0,56.0,85.0,57.0,36,6,0.6916666666666992,706.6388888888889
86.0,56.0,87.0,57.0,7,5,0.9071428571428848,504.42857142857144
88.0,56.0,89.0,57.0,1,1,0.7500000000000568,507.0
90.0,56.0,91.0,57.0,1,1,0.8500000000000227,500.0
92.0,56.0,93.0,57.0,12,3,0.8583333333333675,544.0
94.0,56.0,95.0,57.0,1,1,0.7500000000000568,391.0
98.0,56.0,99.0,57.0,2,1,0.35000000000002274,486.5
100.0,56.0,101.0,57.0,4,1,-0.9249999999999687,489.5
102.0,56.0,103.0,57.0,2,2,-1.4999999999999716,497.0
106.0,56.0,107.0,57.0,2,1,-1.7499999999999716,487.0
108.0,56.0,109.0,57.0,1,1,-4.249999999999943,579.0
114.0,56.0,115.0,57.0,1,1,-3.749999999999943,575.0
124.0,56.0,125.0,57.0,2,1,-6.399999999999949,790.5
158.0,56.0,159.0,57.0,1,1,-1.349999999999966,506.0
160.0,56.0,161.0,57.0,5,2,0.21000000000003638,860.6
162.0,56.0,163.0,57.0,2,1,0.5500000000000398,931.0
-148.0,58.0,-147.0,59.0,1,1,6.9500000000000455,1621.0
-146.0,58.0,-145.0,59.0,1,1,6.550000000000011,2260.0
-136.0,58.0,-135.0,59.0,5,2,4.390000000000032,1704.8
-128.0,58.0,-127.0,59.0,1,1,0.05000000000001137,443.0
-120.0,58.0,-119.0,59.0,1,1,0.35000000000002274,440.0
-118.0,58.0,-117.0,59.0,1,1,-0.049999999999954525,406.0
-114.0,58.0,-113.0,59.0,3,2,-1.0499999999999734,372.3333333333333
-112.0,58.0,-111.0,59.0,1,1,-1.349999999999966,356.0
-96.0,58.0,-95.0,59.0,1,1,-6.849999999999966,559.0
-8.0,58.0,-7.0,59.0,12,3,9.375000000000037,1471.5833333333333
-6.0,58.0,-5.0,59.0,25,4,8.658000000000037,1763.64
-4.0,58.0,-3.0,59.0,47,4,8.635106382978757,1071.9148936170213
-2.0,58.0,-1.0,59.0,4,2,8.450000000000045,1142.5
4.0,58.0,5.0,59.0,28,4,8.046428571428606,1875.9285714285713
6.0,58.0,7.0,59.0,25,4,5.9340000000000375,2103.56
8.0,58.0,9.0,59.0,33,4,6.62575757575761,1092.060606060606
10.0,58.0,11.0,59.0,83,5,6.909036144578347,952.2409638554217
12.0,58.0,13.0,59.0,57,5,6.595614035087756,783.4912280701755
14.0,58.0,15.0,59.0,50,5,6.312000000000037,702.14
16.0,58.0,17.0,59.0,71,4,6.5147887323944,614.0985915492957
18.0,58.0,19.0,59.0,31,4,6.595161290322606,601.1290322580645
20.0,58.0,21.0,59.0,8,3,6.487500000000026,598.375
22.0,58.0,23.0,59.0,35,6,6.327142857142893,673.7714285714286
24.0,58.0,25.0,59.0,44,6,5.859090909090943,730.1818181818181
26.0,58.0,27.0,59.0,29,5,5.615517241379343,708.7931034482758
28.0,58.0,29.0,59.0,58,6,4.925862068965554,768.2413793103449
30.0,58.0,31.0,59.0,118,6,5.102542372881391,700.271186440678
32.0,58.0,33.0,59.0,26,5,4.7692307692308,765.3461538461538
34.0,58.0,35.0,59.0,6,4,4.350000000000041,709.6666666666666
36.0,58.0,37.0,59.0,21,5,4.026190476190514,658.2380952380952
38.0,58.0,39.0,59.0,38,5,3.855263157894774,656.8421052631579
40.0,58.0,41.0,59.0,39,5,3.6397435897436217,653.8205128205128
42.0,58.0,43.0,59.0,52,5,3.255769230769267,629.4807692307693
44.0,58.0,45.0,59.0,45,5,3.278888888888926,635.1555555555556
46.0,58.0,47.0,59.0,12,5,2.90000000000002,672.8333333333334
48.0,58.0,49.0,59.0,30,5,2.7766666666667033,697.7666666666667
50.0,58.0,51.0,59.0,15,5,2.6900000000000355,673.7333333333333
52.0,58.0,53.0,59.0,17,5,2.285294117647094,707.6470588235294
54.0,58.0,55.0,59.0,5,2,2.470000000000039,601.4
56.0,58.0,57.0,59.0,33,6,1.9954545454545822,775.8787878787879
58.0,58.0,59.0,59.0,28,4,0.8678571428571838,803.3928571428571
60.0,58.0,61.0,59.0,12,4,1.2583333333333684,543.3333333333334
66.0,58.0,67.0,59.0,1,1,0.7500000000000568,530.0
68.0,58.0,69.0,59.0,10,4,0.8700000000000386,519.1
70.0,58.0,71.0,59.0,3,3,-0.4166666666666477,592.3333333333334
82.0,58.0,83.0,59.0,1,1,-0.3499999999999659,532.0
92.0,58.0,93.0,59.0,2,1,-1.9999999999999716,775.0
102.0,58.0,103.0,59.0,1,1,-1.5499999999999545,467.0
106.0,58.0,107.0,59.0,1,1,-3.1499999999999773,445.0
114.0,58.0,115.0,59.0,2,1,-6.44999999999996,641.5
124.0,58.0,125.0,59.0,2,2,-6.599999999999966,995.5
150.0,58.0,151.0,59.0,1,1,-3.749999999999943,599.0
160.0,58.0,161.0,59.0,1,1,-4.449999999999989,1124.0
162.0,58.0,163.0,59.0,1,1,-0.8499999999999659,921.0
-152.0,60.0,-151.0,61.0,1,1,2.650000000000034,594.0
-150.0,60.0,-149.0,61.0,9,2,2.1722222222222487,1390.888888888889
-138.0,60.0,-137.0,61.0,1,1,-1.7499999999999432,479.0
-136.0,60.0,-135.0,61.0,4,2,-0.17499999999998295,350.75
-130.0,60.0,-129.0,61.0,1,1,-1.0499999999999545,518.0
-122.0,60.0,-121.0,61.0,1,1,-2.249999999999943,473.0
-118.0,60.0,-117.0,61.0,1,1,-3.1499999999999773,384.0
-116.0,60.0,-115.0,61.0,1,1,-1.7499999999999432,391.0
-8.0,60.0,-7.0,61.0,5,2,6.510000000000036,1788.0
-2.0,60.0,-1.0,61.0,19,3,8.23947368421056,1311.2631578947369
4.0,60.0,5.0,61.0,34,4,6.879411764705918,2962.764705882353
6.0,60.0,7.0,61.0,62,4,4.967741935483907,2127.5
8.0,60.0,9.0,61.0,31,4,1.6951612903226159,968.1612903225806
10.0,60.0,11.0,61.0,38,4,4.4052631578947725,834.9736842105264
12.0,60.0,13.0,61.0,14,3,3.485714285714319,973.7857142857143
14.0,60.0,15.0,61.0,34,4,4.750000000000032,732.0
16.0,60.0,17.0,61.0,32,3,5.42187500000003,690.5
18.0,60.0,19.0,61.0,10,4,6.25000000000004,588.1
20.0,60.0,21.0,61.0,64,4,5.5890625000000345,658.4375
22.0,60.0,23.0,61.0,146,5,4.920547945205513,734.0068493150685
24.0,60.0,25.0,61.0,160,5,4.769375000000037,716.1875
26.0,60.0,27.0,61.0,70,4,4.444285714285749,696.2857142857143
28.0,60.0,29.0,61.0,96,5,4.339583333333367,717.1875
30.0,60.0,31.0,61.0,54,5,4.375925925925958,720.2222222222222
32.0,60.0,33.0,61.0,11,3,3.7045454545454906,767.2727272727273
34.0,60.0,35.0,61.0,11,4,3.4136363636363907,766.3636363636364
36.0,60.0,37.0,61.0,4,3,2.77500000000002,795.0
38.0,60.0,39.0,61.0,9,5,2.583333333333359,717.6666666666666
40.0,60.0,41.0,61.0,30,4,2.2666666666667084,726.3
42.0,60.0,43.0,61.0,16,3,2.418750000000024,641.6875
44.0,60.0,45.0,61.0,3,2,2.283333333333379,608.0
46.0,60.0,47.0,61.0,14,4,2.3571428571428896,626.6428571428571
48.0,60.0,49.0,61.0,1,1,1.4500000000000455,675.0
50.0,60.0,51.0,61.0,3,2,1.183333333333375,720.0
54.0,60.0,55.0,61.0,4,4,1.4500000000000455,718.0
56.0,60.0,57.0,61.0,6,4,0.45000000000002655,935.5
58.0,60.0,59.0,61.0,4,3,-0.899999999999963,795.0
60.0,60.0,61.0,61.0,2,1,0.6000000000000512,503.5
62.0,60.0,63.0,61.0,5,4,-0.3299999999999727,530.8
68.0,60.0,69.0,61.0,22,5,-0.9272727272726978,577.0454545454545
70.0,60.0,71.0,61.0,4,2,-0.5749999999999602,595.25
72.0,60.0,73.0,61.0,8,3,-1.6374999999999673,640.125
74.0,60.0,75.0,61.0,3,1,-1.8833333333332878,652.6666666666666
76.0,60.0,77.0,61.0,5,2,-1.9699999999999591,608.4
96.0,60.0,97.0,61.0,1,1,-4.749999999999943,617.0
128.0,60.0,129.0,61.0,1,1,-7.649999999999977,304.0
130.0,60.0,131.0,61.0,1,1,-8.649999999999977,293.0
166.0,60.0,167.0,61.0,1,1,-5.349999999999966,600.0
170.0,60.0,171.0,61.0,1,1,-2.0499999999999545,905.0
-138.0,62.0,-137.0,63.0,1,1,-1.849999999999966,421.0
-116.0,62.0,-115.0,63.0,1,1,-4.149999999999977,391.0
-112.0,62.0,-111.0,63.0,1,1,-5.5499999999999545,379.0
-24.0,62.0,-23.0,63.0,1,1,5.650000000000034,1258.0
-22.0,62.0,-21.0,63.0,5,2,5.370000000000038,1652.2
-20.0,62.0,-19.0,63.0,2,2,5.000000000000028,2481.0
-8.0,62.0,-7.0,63.0,8,2,6.125000000000028,2522.25
4.0,62.0,5.0,63.0,10,3,6.860000000000037,2075.9
6.0,62.0,7.0,63.0,38,4,5.923684210526349,1999.157894736842
8.0,62.0,9.0,63.0,20,4,5.475000000000037,1451.75
10.0,62.0,11.0,63.0,32,4,4.9218750000000355,1089.8125
12.0,62.0,13.0,63.0,17,3,1.661764705882383,931.0588235294117
14.0,62.0,15.0,63.0,16,4,3.2875000000000334,680.4375
16.0,62.0,17.0,63.0,10,3,4.140000000000038,714.1
18.0,62.0,19.0,63.0,11,3,4.104545454545484,778.6363636363636
20.0,62.0,21.0,63.0,27,4,4.279629629629666,683.0370370370371
22.0,62.0,23.0,63.0,71,4,3.8612676056338375,659.8450704225352
24.0,62.0,25.0,63.0,54,4,3.38703703703707,700.0185185185185
26.0,62.0,27.0,63.0,58,4,3.237931034482794,725.7413793103449
28.0,62.0,29.0,63.0,48,5,2.9479166666667056,755.6041666666666
30.0,62.0,31.0,63.0,11,3,2.7681818181818585,790.1818181818181
32.0,62.0,33.0,63.0,3,3,3.083333333333352,689.0
34.0,62.0,35.0,63.0,14,4,2.800000000000032,740.0
36.0,62.0,37.0,63.0,2,1,1.650000000000034,723.5
38.0,62.0,39.0,63.0,1,1,2.4500000000000455,661.0
40.0,62.0,41.0,63.0,3,2,1.8833333333333637,705.6666666666666
46.0,62.0,47.0,63.0,2,1,0.7500000000000284,640.5
48.0,62.0,49.0,63.0,1,1,1.0500000000000114,663.0
50.0,62.0,51.0,63.0,1,1,0.8500000000000227,670.0
52.0,62.0,53.0,63.0,6,3,-0.2999999999999545,703.6666666666666
56.0,62.0,57.0,63.0,1,1,-0.3499999999999659,809.0
58.0,62.0,59.0,63.0,3,2,-3.5833333333332953,1014.6666666666666
60.0,62.0,61.0,63.0,2,2,-0.549999999999983,629.5
62.0,62.0,63.0,63.0,1,1,-2.0499999999999545,509.0
64.0,62.0,65.0,63.0,6,2,-2.0333333333332937,673.3333333333334
66.0,62.0,67.0,63.0,2,1,-2.7999999999999545,642.5
74.0,62.0,75.0,63.0,1,1,-4.649999999999977,717.0
80.0,62.0,81.0,63.0,1,1,-3.5499999999999545,636.0
112.0,62.0,113.0,63.0,1,1,-7.349999999999966,360.0
128.0,62.0,129.0,63.0,2,1,-8.749999999999943,279.0
130.0,62.0,131.0,63.0,1,1,-9.149999999999977,289.0
134.0,62.0,135.0,63.0,1,1,-10.049999999999955,302.0
-148.0,64.0,-147.0,65.0,1,1,-1.7499999999999432,560.0
-140.0,64.0,-139.0,65.0,1,1,-3.6499999999999773,534.0
-24.0,64.0,-23.0,65.0,1,1,4.9500000000000455,1234.0
-22.0,64.0,-21.0,65.0,7,2,3.8214285714285956,1396.5714285714287
-20.0,64.0,-19.0,65.0,2,2,3.0000000000000284,887.0
-16.0,64.0,-15.0,65.0,2,1,1.3000000000000398,1810.0
-14.0,64.0,-13.0,65.0,3,2,3.216666666666678,1795.0
8.0,64.0,9.0,65.0,1,1,7.050000000000011,982.0
10.0,64.0,11.0,65.0,5,3,5.710000000000036,1540.8
12.0,64.0,13.0,65.0,10,4,4.48000000000003,1961.3
14.0,64.0,15.0,65.0,12,2,0.7583333333333684,1209.5833333333333
16.0,64.0,17.0,65.0,1,1,1.0500000000000114,878.0
18.0,64.0,19.0,65.0,1,1,2.650000000000034,690.0
20.0,64.0,21.0,65.0,8,2,2.6875000000000284,793.625
22.0,64.0,23.0,65.0,8,3,3.5000000000000426,650.75
24.0,64.0,25.0,65.0,47,4,2.630851063829823,713.4255319148937
26.0,64.0,27.0,65.0,20,4,2.0300000000000322,784.65
28.0,64.0,29.0,65.0,15,3,1.5033333333333683,826.4666666666667
30.0,64.0,31.0,65.0,3,3,1.1166666666667122,757.0
32.0,64.0,33.0,65.0,1,1,1.7500000000000568,748.0
34.0,64.0,35.0,65.0,12,4,1.6166666666666931,591.6666666666666
36.0,64.0,37.0,65.0,3,2,1.6166666666666931,532.6666666666666
38.0,64.0,39.0,65.0,3,2,1.4833333333333674,693.3333333333334
40.0,64.0,41.0,65.0,12,5,1.5416666666666856,714.8333333333334
42.0,64.0,43.0,65.0,2,2,0.8500000000000227,786.0
44.0,64.0,45.0,65.0,6,2,0.10000000000002274,735.1666666666666
56.0,64.0,57.0,65.0,1,1,-1.9499999999999886,878.0
58.0,64.0,59.0,65.0,2,1,-5.249999999999972,1053.0
60.0,64.0,61.0,65.0,1,1,-2.849999999999966,713.0
72.0,64.0,73.0,65.0,3,2,-5.249999999999981,673.6666666666666
-24.0,66.0,-23.0,67.0,1,1,1.7500000000000568,1652.0
-20.0,66.0,-19.0,67.0,2,2,2.5500000000000114,1574.5
12.0,66.0,13.0,67.0,10,2,4.830000000000041,2281.5
14.0,66.0,15.0,67.0,11,3,3.8045454545454875,1673.3636363636363
16.0,66.0,17.0,67.0,8,1,-0.06249999999997158,1116.375
18.0,66.0,19.0,67.0,6,1,-1.7499999999999527,890.5
20.0,66.0,21.0,67.0,3,1,0.1500000000000341,767.3333333333334
22.0,66.0,23.0,67.0,7,2,1.264285714285742,759.7142857142857
24.0,66.0,25.0,67.0,12,3,0.5583333333333703,766.0833333333334
26.0,66.0,27.0,67.0,5,2,0.37000000000003863,784.6
28.0,66.0,29.0,67.0,13,2,0.1500000000000341,798.2307692307693
30.0,66.0,31.0,67.0,1,1,0.5500000000000114,777.0
32.0,66.0,33.0,67.0,27,2,0.4055555555555888,777.7037037037037
34.0,66.0,35.0,67.0,6,2,-0.43333333333328977,829.1666666666666
36.0,66.0,37.0,67.0,1,1,0.8500000000000227,599.0
38.0,66.0,39.0,67.0,2,1,-0.14999999999997726,624.5
42.0,66.0,43.0,67.0,2,1,-0.29999999999998295,638.5
56.0,66.0,57.0,67.0,1,1,-2.749999999999943,802.0
62.0,66.0,63.0,67.0,2,1,-5.749999999999972,900.0
64.0,66.0,65.0,67.0,9,2,-6.672222222222173,949.1111111111111
66.0,66.0,67.0,67.0,2,2,-6.69999999999996,772.0
88.0,66.0,89.0,67.0,1,1,-7.249999999999943,1004.0
12.0,68.0,13.0,69.0,5,1,5.330000000000041,1726.4
14.0,68.0,15.0,69.0,7,1,4.907142857142885,1918.4285714285713
16.0,68.0,17.0,69.0,6,1,3.600000000000042,1540.8333333333333
18.0,68.0,19.0,69.0,10,1,0.5100000000000307,1319.3
20.0,68.0,21.0,69.0,6,1,-0.06666666666662498,868.0
22.0,68.0,23.0,69.0,5,1,-0.1699999999999818,643.8
24.0,68.0,25.0,69.0,2,1,-0.1999999999999602,575.5
26.0,68.0,27.0,69.0,7,1,-0.22142857142854058,676.0
28.0,68.0,29.0,69.0,3,1,0.3166666666667008,643.3333333333334
30.0,68.0,31.0,69.0,8,1,0.7125000000000341,746.0
32.0,68.0,33.0,69.0,10,2,0.5000000000000341,721.7
34.0,68.0,35.0,69.0,1,1,0.9500000000000455,750.0
64.0,68.0,65.0,69.0,1,1,-7.5499999999999545,1089.0
88.0,68.0,89.0,69.0,3,1,-9.6833333333333,1213.0
90.0,68.0,91.0,69.0,9,1,-9.772222222222183,1134.3333333333333
18.0,70.0,19.0,71.0,1,1,3.650000000000034,1156.0
20.0,70.0,21.0,71.0,3,2,2.683333333333356,1384.6666666666667
22.0,70.0,23.0,71.0,1,1,0.4500000000000455,1487.0
24.0,70.0,25.0,71.0,2,1,1.2000000000000455,918.0
26.0,70.0,27.0,71.0,4,1,1.100000000000037,967.5
28.0,70.0,29.0,71.0,9,1,0.38333333333336367,784.5555555555555
