unit_id,member_endpoint_ids,module,inferential_unit,predictor,environment_block,analysis_tier_metadata_only,validation_status,status_within,n_observations_within,n_taxa_within,beta_std_within,p_value_within,q_fdr_bh_within,fdr_significant_within,status_among,n_observations_among,n_taxa_among,beta_std_among,p_value_among,q_fdr_bh_among,fdr_significant_among,cross_scale_class,linear_sign_concordant
bract_projection_asymmetry,bract_projection_asymmetry,involucre_architecture,linear_endpoint,chelsa_bio01,thermal,candidate,requires_botanical_calibration,ok,2277,78,-0.003564513537252853,0.814446134809859,0.9386765297635904,False,ok,44,44,0.2046431322259562,0.1763,0.4438356164383561,False,neither,False
bract_projection_asymmetry,bract_projection_asymmetry,involucre_architecture,linear_endpoint,chelsa_bio04,thermal,candidate,requires_botanical_calibration,ok,2277,78,0.02504826564988899,0.47700364475543455,0.7144321625831545,False,ok,44,44,-0.4003181502923176,0.0079,0.07900000000000001,False,neither,False
bract_projection_asymmetry,bract_projection_asymmetry,involucre_architecture,linear_endpoint,chelsa_bio12,hydric,candidate,requires_botanical_calibration,ok,2277,78,-0.02334703030953722,0.2162530328653285,0.4491409144126053,False,ok,44,44,0.14519414499167965,0.3514,0.6102,False,neither,False
bract_projection_asymmetry,bract_projection_asymmetry,involucre_architecture,linear_endpoint,chelsa_bio15,hydric,candidate,requires_botanical_calibration,ok,2277,78,-0.0022395091851665086,0.8151057650993534,0.9386765297635904,False,ok,44,44,0.07287295925988616,0.6326,0.8211366906474821,False,neither,False
bract_projection_asymmetry,bract_projection_asymmetry,involucre_architecture,linear_endpoint,chelsa_gsp,growing_season_water_input,candidate,requires_botanical_calibration,ok,2277,78,-0.017062860754526236,0.004432584190289286,0.033510336478587005,True,ok,44,44,0.2677769499651994,0.0793,0.3323720930232558,False,within_only,False
bract_projection_asymmetry,bract_projection_asymmetry,involucre_architecture,linear_endpoint,chelsa_npp,resource_productivity,candidate,requires_botanical_calibration,ok,2277,78,-0.0020434179652431567,0.8917853232247842,0.963128149082767,False,ok,44,44,0.2645740363993955,0.0817,0.3342272727272727,False,neither,False
bract_projection_asymmetry,bract_projection_asymmetry,involucre_architecture,linear_endpoint,chelsa_rsds_mean,radiative_atmospheric,candidate,requires_botanical_calibration,ok,2277,78,0.012724554962772394,0.6524248734669462,0.8745269580514385,False,ok,44,44,-0.012617649672354524,0.9368,0.9858539325842697,False,neither,False
bract_projection_asymmetry,bract_projection_asymmetry,involucre_architecture,linear_endpoint,chelsa_sfcwind_mean,mechanical,candidate,requires_botanical_calibration,ok,2277,78,-0.014219505909271069,0.5010692237667007,0.7284775637838956,False,ok,44,44,-0.19971577534435853,0.1887,0.45288,False,neither,True
bract_projection_asymmetry,bract_projection_asymmetry,involucre_architecture,linear_endpoint,chelsa_vpd_mean,radiative_atmospheric,candidate,requires_botanical_calibration,ok,2277,78,0.013320871246450344,0.4196340639205657,0.6774278221889354,False,ok,44,44,0.053002061153828266,0.7407,0.8829536423841059,False,neither,True
bract_projection_maximum,bract_projection_maximum,armature,linear_endpoint,chelsa_bio01,thermal,candidate,requires_botanical_calibration,ok,2277,78,0.016158298370017206,0.18996139344027396,0.40947156464880935,False,ok,44,44,-0.2336791437850915,0.1275,0.3956896551724138,False,neither,False
bract_projection_maximum,bract_projection_maximum,armature,linear_endpoint,chelsa_bio04,thermal,candidate,requires_botanical_calibration,ok,2277,78,0.023410414639203344,0.29353204750205864,0.5492827423553375,False,ok,44,44,-0.029831163881435405,0.8476,0.9476273291925467,False,neither,False
bract_projection_maximum,bract_projection_maximum,armature,linear_endpoint,chelsa_bio12,hydric,candidate,requires_botanical_calibration,ok,2277,78,0.01806062775769649,0.5478842360774121,0.7727620941688872,False,ok,44,44,0.16961138255596264,0.2756,0.5616,False,neither,True
bract_projection_maximum,bract_projection_maximum,armature,linear_endpoint,chelsa_bio15,hydric,candidate,requires_botanical_calibration,ok,2277,78,-0.027353462004490556,0.04778321605775409,0.18814641322740674,False,ok,44,44,0.01137836792536126,0.9402,0.9858539325842697,False,neither,False
bract_projection_maximum,bract_projection_maximum,armature,linear_endpoint,chelsa_gsp,growing_season_water_input,candidate,requires_botanical_calibration,ok,2277,78,-0.01644767952316488,4.739970187905649e-07,1.7917087310283354e-05,True,ok,44,44,0.15121272551579953,0.3335,0.6063636363636363,False,within_only,False
bract_projection_maximum,bract_projection_maximum,armature,linear_endpoint,chelsa_npp,resource_productivity,candidate,requires_botanical_calibration,ok,2277,78,0.029428555308992146,0.04008230151793714,0.168345666375336,False,ok,44,44,0.07412634616071359,0.6399,0.8227285714285715,False,neither,True
bract_projection_maximum,bract_projection_maximum,armature,linear_endpoint,chelsa_rsds_mean,radiative_atmospheric,candidate,requires_botanical_calibration,ok,2277,78,-0.010284415846940549,0.4266693181722586,0.6774278221889354,False,ok,44,44,-0.37489685889858904,0.0121,0.10371428571428572,False,neither,True
bract_projection_maximum,bract_projection_maximum,armature,linear_endpoint,chelsa_sfcwind_mean,mechanical,candidate,requires_botanical_calibration,ok,2277,78,-0.006893315593501965,0.741379626909261,0.910561895656198,False,ok,44,44,-0.18863381355641065,0.2172,0.5012307692307693,False,neither,True
bract_projection_maximum,bract_projection_maximum,armature,linear_endpoint,chelsa_vpd_mean,radiative_atmospheric,candidate,requires_botanical_calibration,ok,2277,78,0.025170895237957368,0.06809759662896388,0.21694435175362042,False,ok,44,44,-0.41271772197737766,0.0053,0.06814285714285714,False,neither,False
bract_projection_p95,bract_projection_p95,involucre_architecture,linear_endpoint,chelsa_bio01,thermal,candidate,requires_botanical_calibration,ok,2277,78,-0.002677389766903476,0.8529269891681802,0.9386765297635904,False,ok,44,44,-0.15134449537013495,0.3268,0.6063636363636363,False,neither,True
bract_projection_p95,bract_projection_p95,involucre_architecture,linear_endpoint,chelsa_bio04,thermal,candidate,requires_botanical_calibration,ok,2277,78,0.04206689426426381,0.16615859704961,0.3975186688908391,False,ok,44,44,-0.01204414084068352,0.9372,0.9858539325842697,False,neither,False
bract_projection_p95,bract_projection_p95,involucre_architecture,linear_endpoint,chelsa_bio12,hydric,candidate,requires_botanical_calibration,ok,2277,78,0.0004112737158337436,0.9855567601605769,0.9960974741729895,False,ok,44,44,0.22027307864622475,0.1487,0.41821875,False,neither,True
bract_projection_p95,bract_projection_p95,involucre_architecture,linear_endpoint,chelsa_bio15,hydric,candidate,requires_botanical_calibration,ok,2277,78,-0.03367284517701767,0.0011980759381458313,0.011321817615478106,True,ok,44,44,0.09050446612278976,0.5554,0.7690153846153845,False,within_only,False
bract_projection_p95,bract_projection_p95,involucre_architecture,linear_endpoint,chelsa_gsp,growing_season_water_input,candidate,requires_botanical_calibration,ok,2277,78,-0.012032020178841094,0.018386354211431415,0.10220649841060403,False,ok,44,44,0.22664057586934366,0.1403,0.4073225806451613,False,neither,False
bract_projection_p95,bract_projection_p95,involucre_architecture,linear_endpoint,chelsa_npp,resource_productivity,candidate,requires_botanical_calibration,ok,2277,78,0.026797582902688792,0.1134180868186751,0.30622883441042276,False,ok,44,44,0.144374638752288,0.3479,0.6102,False,neither,True
bract_projection_p95,bract_projection_p95,involucre_architecture,linear_endpoint,chelsa_rsds_mean,radiative_atmospheric,candidate,requires_botanical_calibration,ok,2277,78,-0.03376104468457721,0.022466298544251587,0.11794806735732083,False,ok,44,44,-0.302817490661258,0.0448,0.2304,False,neither,True
bract_projection_p95,bract_projection_p95,involucre_architecture,linear_endpoint,chelsa_sfcwind_mean,mechanical,candidate,requires_botanical_calibration,ok,2277,78,0.005276350962966223,0.8542453075097225,0.9386765297635904,False,ok,44,44,-0.12381511610571999,0.4139,0.6367692307692308,False,neither,False
bract_projection_p95,bract_projection_p95,involucre_architecture,linear_endpoint,chelsa_vpd_mean,radiative_atmospheric,candidate,requires_botanical_calibration,ok,2277,78,0.0050799662150971744,0.7057215321944883,0.910561895656198,False,ok,44,44,-0.31441781556366105,0.0388,0.20541176470588235,False,neither,False
bract_projection_peak_density,bract_projection_peak_density,armature,linear_endpoint,chelsa_bio01,thermal,candidate,requires_botanical_calibration,ok,2277,78,-0.029140395335964898,0.05115692373434046,0.19337317171580698,False,ok,44,44,0.40099219325415864,0.0066,0.06988235294117646,False,neither,False
bract_projection_peak_density,bract_projection_peak_density,armature,linear_endpoint,chelsa_bio04,thermal,candidate,requires_botanical_calibration,ok,2277,78,-0.013829829783948684,0.12868444630387868,0.3286670317761226,False,ok,44,44,-0.2547683779211006,0.096,0.34905882352941175,False,neither,True
bract_projection_peak_density,bract_projection_peak_density,armature,linear_endpoint,chelsa_bio12,hydric,candidate,requires_botanical_calibration,ok,2277,78,0.028126217428963186,0.06272469581978556,0.21169584839177627,False,ok,44,44,-0.04937490103536917,0.7482,0.8860263157894736,False,neither,False
bract_projection_peak_density,bract_projection_peak_density,armature,linear_endpoint,chelsa_bio15,hydric,candidate,requires_botanical_calibration,ok,2277,78,0.009889332902507944,0.3458818323662649,0.6225872982592768,False,ok,44,44,0.27551545617672085,0.0689,0.31005000000000005,False,neither,True
bract_projection_peak_density,bract_projection_peak_density,armature,linear_endpoint,chelsa_gsp,growing_season_water_input,candidate,requires_botanical_calibration,ok,2277,78,0.00617169651064904,0.27779142873609597,0.5357406125624707,False,ok,44,44,0.14117461859736694,0.3627,0.6102,False,neither,True
bract_projection_peak_density,bract_projection_peak_density,armature,linear_endpoint,chelsa_npp,resource_productivity,candidate,requires_botanical_calibration,ok,2277,78,0.0031797403558935034,0.8223811995872158,0.9386765297635904,False,ok,44,44,0.2462456785728368,0.1088,0.36900000000000005,False,neither,True
bract_projection_peak_density,bract_projection_peak_density,armature,linear_endpoint,chelsa_rsds_mean,radiative_atmospheric,candidate,requires_botanical_calibration,ok,2277,78,-0.018403402523193647,0.37115248026242986,0.6403087962261028,False,ok,44,44,0.41347973661340304,0.0065,0.06988235294117646,False,neither,False
bract_projection_peak_density,bract_projection_peak_density,armature,linear_endpoint,chelsa_sfcwind_mean,mechanical,candidate,requires_botanical_calibration,ok,2277,78,-0.022172802622703085,0.18338103090257996,0.40637056530836585,False,ok,44,44,-0.2513285276578704,0.0989,0.34905882352941175,False,neither,True
bract_projection_peak_density,bract_projection_peak_density,armature,linear_endpoint,chelsa_vpd_mean,radiative_atmospheric,candidate,requires_botanical_calibration,ok,2277,78,-0.05149931738255926,0.00012936557937620448,0.0017464353215787605,True,ok,44,44,0.4436988261742537,0.0026,0.046799999999999994,True,both_scales,False
bract_projection_roughness,bract_projection_roughness,involucre_architecture,linear_endpoint,chelsa_bio01,thermal,candidate,requires_botanical_calibration,ok,2277,78,-0.007747712919021154,0.619581075600552,0.8424519661043477,False,ok,44,44,0.07308792661003827,0.6341,0.8211366906474821,False,neither,False
bract_projection_roughness,bract_projection_roughness,involucre_architecture,linear_endpoint,chelsa_bio04,thermal,candidate,requires_botanical_calibration,ok,2277,78,0.04294592937085546,0.17144786188270578,0.4000450110596468,False,ok,44,44,-0.15830038172381378,0.3028,0.5739157894736842,False,neither,False
bract_projection_roughness,bract_projection_roughness,involucre_architecture,linear_endpoint,chelsa_bio12,hydric,candidate,requires_botanical_calibration,ok,2277,78,0.008810115346811571,0.7577210588251393,0.910561895656198,False,ok,44,44,0.271686226297799,0.0782,0.3323720930232558,False,neither,True
bract_projection_roughness,bract_projection_roughness,involucre_architecture,linear_endpoint,chelsa_bio15,hydric,candidate,requires_botanical_calibration,ok,2277,78,-0.024103995446612937,0.08494460048510646,0.24699276141054036,False,ok,44,44,-0.06523201940692343,0.6679,0.8412167832167832,False,neither,True
bract_projection_roughness,bract_projection_roughness,involucre_architecture,linear_endpoint,chelsa_gsp,growing_season_water_input,candidate,requires_botanical_calibration,ok,2277,78,-0.013370701263896084,0.08885342676248488,0.250646233703129,False,ok,44,44,0.4002272965422287,0.0065,0.06988235294117646,False,neither,False
bract_projection_roughness,bract_projection_roughness,involucre_architecture,linear_endpoint,chelsa_npp,resource_productivity,candidate,requires_botanical_calibration,ok,2277,78,0.024524763627745756,0.11662393693194359,0.3087883211765588,False,ok,44,44,0.3306033576978301,0.0283,0.16979999999999998,False,neither,True
bract_projection_roughness,bract_projection_roughness,involucre_architecture,linear_endpoint,chelsa_rsds_mean,radiative_atmospheric,candidate,requires_botanical_calibration,ok,2277,78,-0.043780826678653476,0.003245053597632154,0.02566326165682609,True,ok,44,44,-0.2954671133014522,0.054,0.26270270270270274,False,within_only,True
bract_projection_roughness,bract_projection_roughness,involucre_architecture,linear_endpoint,chelsa_sfcwind_mean,mechanical,candidate,requires_botanical_calibration,ok,2277,78,-2.1922865100908455e-05,0.9992830309612294,0.9992830309612295,False,ok,44,44,-0.04375600982014098,0.776,0.907012987012987,False,neither,True
bract_projection_roughness,bract_projection_roughness,involucre_architecture,linear_endpoint,chelsa_vpd_mean,radiative_atmospheric,candidate,requires_botanical_calibration,ok,2277,78,-0.003065872471415865,0.8439708626149887,0.9386765297635904,False,ok,44,44,-0.13933524731220753,0.3729,0.6102,False,neither,True
bract_spread_fraction,bract_spread_fraction,involucre_architecture,linear_endpoint,chelsa_bio01,thermal,candidate,requires_botanical_calibration,ok,2277,78,-0.02858182229499383,0.055019797270750646,0.19652318975324098,False,ok,44,44,0.10551457318668686,0.5003,0.7197187500000001,False,neither,False
bract_spread_fraction,bract_spread_fraction,involucre_architecture,linear_endpoint,chelsa_bio04,thermal,candidate,requires_botanical_calibration,ok,2277,78,0.02864518827604287,0.11306050702167465,0.30622883441042276,False,ok,44,44,-0.1806468497860834,0.2411,0.5292439024390244,False,neither,False
bract_spread_fraction,bract_spread_fraction,involucre_architecture,linear_endpoint,chelsa_bio12,hydric,candidate,requires_botanical_calibration,ok,2277,78,0.009830060141834523,0.5819274203744889,0.8101406086205932,False,ok,44,44,0.18345015327203806,0.2326,0.5256000000000001,False,neither,True
bract_spread_fraction,bract_spread_fraction,involucre_architecture,linear_endpoint,chelsa_bio15,hydric,candidate,requires_botanical_calibration,ok,2277,78,-0.0029957086001616597,0.7399733711249099,0.910561895656198,False,ok,44,44,-0.028419917679723537,0.8571,0.9510184049079754,False,neither,True
bract_spread_fraction,bract_spread_fraction,involucre_architecture,linear_endpoint,chelsa_gsp,growing_season_water_input,candidate,requires_botanical_calibration,ok,2277,78,-0.011382736827059897,0.2965806254042931,0.5495464529550137,False,ok,44,44,0.37056111654179286,0.0138,0.1129090909090909,False,neither,False
bract_spread_fraction,bract_spread_fraction,involucre_architecture,linear_endpoint,chelsa_npp,resource_productivity,candidate,requires_botanical_calibration,ok,2277,78,-0.015125119969759163,0.3198408033789948,0.5868923479478643,False,ok,44,44,0.2673560102799174,0.0794,0.3323720930232558,False,neither,False
bract_spread_fraction,bract_spread_fraction,involucre_architecture,linear_endpoint,chelsa_rsds_mean,radiative_atmospheric,candidate,requires_botanical_calibration,ok,2277,78,-0.03914855682607961,0.024902835402404677,0.1238588392382759,False,ok,44,44,-0.13577840592322923,0.3801,0.610875,False,neither,True
bract_spread_fraction,bract_spread_fraction,involucre_architecture,linear_endpoint,chelsa_sfcwind_mean,mechanical,candidate,requires_botanical_calibration,ok,2277,78,0.007067287158661086,0.642860937609756,0.8678622657731707,False,ok,44,44,-0.08113132949513956,0.5936,0.7914666666666667,False,neither,False
bract_spread_fraction,bract_spread_fraction,involucre_architecture,linear_endpoint,chelsa_vpd_mean,radiative_atmospheric,candidate,requires_botanical_calibration,ok,2277,78,-0.02693645272554966,0.20224999814478484,0.4294971870715094,False,ok,44,44,-0.06687606437592512,0.6683,0.8412167832167832,False,neither,True
capitulum_outline_aspect_ratio,capitulum_outline_aspect_ratio,shape,linear_endpoint,chelsa_bio01,thermal,primary,frozen_technical,ok,38458,200,-0.011717335421105205,0.07069757506016724,0.21694435175362042,False,ok,141,141,0.16013259888651252,0.0573,0.27142105263157895,False,neither,False
capitulum_outline_aspect_ratio,capitulum_outline_aspect_ratio,shape,linear_endpoint,chelsa_bio04,thermal,primary,frozen_technical,ok,38458,200,0.013769140892595566,0.0024989537134393956,0.021468284174547533,True,ok,141,141,-0.040984385001751195,0.623,0.8185401459854015,False,within_only,False
capitulum_outline_aspect_ratio,capitulum_outline_aspect_ratio,shape,linear_endpoint,chelsa_bio12,hydric,primary,frozen_technical,ok,38458,200,-0.010460576270353851,0.009662551734110304,0.06522222420524455,False,ok,141,141,-0.08788407075399712,0.2693,0.5616,False,neither,True
capitulum_outline_aspect_ratio,capitulum_outline_aspect_ratio,shape,linear_endpoint,chelsa_bio15,hydric,primary,frozen_technical,ok,38458,200,-0.004227994590869469,0.2243873702342568,0.45601304273413484,False,ok,141,141,0.018177619376002672,0.827,0.9372375,False,neither,False
capitulum_outline_aspect_ratio,capitulum_outline_aspect_ratio,shape,linear_endpoint,chelsa_gsp,growing_season_water_input,primary,frozen_technical,ok,38458,200,0.00029078609677099423,0.9232617796432655,0.9693739023956434,False,ok,141,141,0.00287462268280651,0.9729,0.9858539325842697,False,neither,True
capitulum_outline_aspect_ratio,capitulum_outline_aspect_ratio,shape,linear_endpoint,chelsa_npp,resource_productivity,primary,frozen_technical,ok,38458,200,-0.008822691311465701,0.0704007836548485,0.21694435175362042,False,ok,141,141,0.14177663791970974,0.0917,0.34905882352941175,False,neither,False
capitulum_outline_aspect_ratio,capitulum_outline_aspect_ratio,shape,linear_endpoint,chelsa_rsds_mean,radiative_atmospheric,primary,frozen_technical,ok,38458,200,-0.020973075988650825,0.07369688539076696,0.2210906561723009,False,ok,141,141,0.08111367801636019,0.3485,0.6102,False,neither,False
capitulum_outline_aspect_ratio,capitulum_outline_aspect_ratio,shape,linear_endpoint,chelsa_sfcwind_mean,mechanical,primary,frozen_technical,ok,38455,200,-0.0008410971769961337,0.8490517438418068,0.9386765297635904,False,ok,141,141,-0.13800771561420636,0.0971,0.34905882352941175,False,neither,True
capitulum_outline_aspect_ratio,capitulum_outline_aspect_ratio,shape,linear_endpoint,chelsa_vpd_mean,radiative_atmospheric,primary,frozen_technical,ok,38458,200,-0.005668875853743286,0.5083874622773843,0.7334750409956156,False,ok,141,141,0.18745519613189396,0.026,0.16137931034482758,False,neither,False
capitulum_outline_circularity,capitulum_outline_circularity,shape,linear_endpoint,chelsa_bio01,thermal,primary,frozen_technical,ok,38458,200,0.0012640348658105387,0.9334711652698787,0.9693739023956434,False,ok,141,141,-0.07076302018397947,0.4107,0.6367692307692308,False,neither,False
capitulum_outline_circularity,capitulum_outline_circularity,shape,linear_endpoint,chelsa_bio04,thermal,primary,frozen_technical,ok,38458,200,0.011411978487357382,0.034530099207641565,0.15007347876124266,False,ok,141,141,0.11734578515619394,0.1665,0.4407352941176471,False,neither,True
capitulum_outline_circularity,capitulum_outline_circularity,shape,linear_endpoint,chelsa_bio12,hydric,primary,frozen_technical,ok,38458,200,-0.009543518591493487,0.034937741087273426,0.15007347876124266,False,ok,141,141,-0.12880306891756274,0.1257,0.3956896551724138,False,neither,True
capitulum_outline_circularity,capitulum_outline_circularity,shape,linear_endpoint,chelsa_bio15,hydric,primary,frozen_technical,ok,38458,200,-0.0019419454713065177,0.7566423834228692,0.910561895656198,False,ok,141,141,-0.09536252362019045,0.2587,0.5543571428571428,False,neither,True
capitulum_outline_circularity,capitulum_outline_circularity,shape,linear_endpoint,chelsa_gsp,growing_season_water_input,primary,frozen_technical,ok,38458,200,-0.0005698196468600505,0.910203955887521,0.9681404759373659,False,ok,141,141,-0.13580423465667146,0.1069,0.36900000000000005,False,neither,True
capitulum_outline_circularity,capitulum_outline_circularity,shape,linear_endpoint,chelsa_npp,resource_productivity,primary,frozen_technical,ok,38458,200,-0.0016347871992486791,0.865785581849761,0.9458582368185251,False,ok,141,141,-0.02291009791129348,0.7921,0.9198580645161291,False,neither,True
capitulum_outline_circularity,capitulum_outline_circularity,shape,linear_endpoint,chelsa_rsds_mean,radiative_atmospheric,primary,frozen_technical,ok,38458,200,-0.013618905781559226,0.41233184301859904,0.6760008620689655,False,ok,141,141,-0.1253952540806359,0.1403,0.4073225806451613,False,neither,True
capitulum_outline_circularity,capitulum_outline_circularity,shape,linear_endpoint,chelsa_sfcwind_mean,mechanical,primary,frozen_technical,ok,38455,200,0.007036740253052408,0.132287669966068,0.3333649283144913,False,ok,141,141,0.20695435499165707,0.0161,0.126,False,neither,True
capitulum_outline_circularity,capitulum_outline_circularity,shape,linear_endpoint,chelsa_vpd_mean,radiative_atmospheric,primary,frozen_technical,ok,38458,200,0.005791694762769753,0.7071150414212439,0.910561895656198,False,ok,141,141,-0.07189098736280058,0.3914,0.618,False,neither,False
capitulum_outline_solidity,capitulum_outline_solidity,shape,linear_endpoint,chelsa_bio01,thermal,primary,frozen_technical,ok,38458,200,0.002507748234660074,0.8335449665712108,0.9386765297635904,False,ok,141,141,-0.05558411728822158,0.5055,0.7197187500000001,False,neither,False
capitulum_outline_solidity,capitulum_outline_solidity,shape,linear_endpoint,chelsa_bio04,thermal,primary,frozen_technical,ok,38458,200,0.0013025726824799576,0.7440275421891784,0.910561895656198,False,ok,141,141,0.0029546537806838385,0.9736,0.9858539325842697,False,neither,True
capitulum_outline_solidity,capitulum_outline_solidity,shape,linear_endpoint,chelsa_bio12,hydric,primary,frozen_technical,ok,38458,200,0.000650079968534307,0.9041684389627362,0.9681404759373659,False,ok,141,141,-0.07786313530787209,0.3481,0.6102,False,neither,False
capitulum_outline_solidity,capitulum_outline_solidity,shape,linear_endpoint,chelsa_bio15,hydric,primary,frozen_technical,ok,38458,200,-0.0015581681005840883,0.7283588095463909,0.910561895656198,False,ok,141,141,0.02874055951089423,0.7319,0.87828,False,neither,False
capitulum_outline_solidity,capitulum_outline_solidity,shape,linear_endpoint,chelsa_gsp,growing_season_water_input,primary,frozen_technical,ok,38458,200,0.00405200394674633,0.4009937806306273,0.6648054784139348,False,ok,141,141,-0.0630569467104678,0.4586,0.6711219512195122,False,neither,False
capitulum_outline_solidity,capitulum_outline_solidity,shape,linear_endpoint,chelsa_npp,resource_productivity,primary,frozen_technical,ok,38458,200,0.002337150098709936,0.7812549427104954,0.9228574010767728,False,ok,141,141,-0.04951363544638083,0.5665,0.7727727272727273,False,neither,False
capitulum_outline_solidity,capitulum_outline_solidity,shape,linear_endpoint,chelsa_rsds_mean,radiative_atmospheric,primary,frozen_technical,ok,38458,200,-0.003552273619749125,0.734911225597394,0.910561895656198,False,ok,141,141,0.10996690915072786,0.1973,0.4672894736842106,False,neither,False
capitulum_outline_solidity,capitulum_outline_solidity,shape,linear_endpoint,chelsa_sfcwind_mean,mechanical,primary,frozen_technical,ok,38455,200,0.00778424461307633,0.19065342692642973,0.40947156464880935,False,ok,141,141,0.21124431780604683,0.0115,0.10371428571428572,False,neither,True
capitulum_outline_solidity,capitulum_outline_solidity,shape,linear_endpoint,chelsa_vpd_mean,radiative_atmospheric,primary,frozen_technical,ok,38458,200,0.0038209185662598584,0.7612104736173508,0.910561895656198,False,ok,141,141,-0.02994346275140323,0.7251,0.8759597315436242,False,neither,False
capitulum_width_profile_cv,capitulum_width_profile_cv,shape,linear_endpoint,chelsa_bio01,thermal,primary,frozen_technical,ok,38458,200,-0.0067277359836628295,0.5300677568957226,0.7532541808518163,False,ok,141,141,0.16529714301214185,0.0517,0.2585,False,neither,False
capitulum_width_profile_cv,capitulum_width_profile_cv,shape,linear_endpoint,chelsa_bio04,thermal,primary,frozen_technical,ok,38458,200,-0.0016028130943347757,0.7971362090707829,0.935768593257006,False,ok,141,141,-0.00020966520068113465,0.9979,0.9979000000000001,False,neither,True
capitulum_width_profile_cv,capitulum_width_profile_cv,shape,linear_endpoint,chelsa_bio12,hydric,primary,frozen_technical,ok,38458,200,-0.0021225982715139665,0.7279244029353362,0.910561895656198,False,ok,141,141,0.09705778023537741,0.2519,0.546289156626506,False,neither,False
capitulum_width_profile_cv,capitulum_width_profile_cv,shape,linear_endpoint,chelsa_bio15,hydric,primary,frozen_technical,ok,38458,200,-0.0036102684349693954,0.44120289532612555,0.6859979087152049,False,ok,141,141,-0.07898288708604502,0.3584,0.6102,False,neither,True
capitulum_width_profile_cv,capitulum_width_profile_cv,shape,linear_endpoint,chelsa_gsp,growing_season_water_input,primary,frozen_technical,ok,38458,200,-0.003970636448398312,0.51494647235448,0.7373097217802782,False,ok,141,141,0.1257717719044323,0.1328,0.3984,False,neither,False
capitulum_width_profile_cv,capitulum_width_profile_cv,shape,linear_endpoint,chelsa_npp,resource_productivity,primary,frozen_technical,ok,38458,200,-0.002349987249761646,0.7601842967050148,0.910561895656198,False,ok,141,141,0.2031635541856402,0.0168,0.126,False,neither,False
capitulum_width_profile_cv,capitulum_width_profile_cv,shape,linear_endpoint,chelsa_rsds_mean,radiative_atmospheric,primary,frozen_technical,ok,38458,200,-0.007596748739442063,0.023621486681564666,0.12066110764366816,False,ok,141,141,-0.17960624602280242,0.0317,0.1729090909090909,False,neither,True
capitulum_width_profile_cv,capitulum_width_profile_cv,shape,linear_endpoint,chelsa_sfcwind_mean,mechanical,primary,frozen_technical,ok,38455,200,0.004416281732121604,0.38152093008412924,0.6496167187918958,False,ok,141,141,0.01708648577415201,0.8331,0.9372375,False,neither,True
capitulum_width_profile_cv,capitulum_width_profile_cv,shape,linear_endpoint,chelsa_vpd_mean,radiative_atmospheric,primary,frozen_technical,ok,38458,200,-0.011756668810546055,0.2433563181917464,0.48930153338553267,False,ok,141,141,0.113527037035616,0.18,0.4438356164383561,False,neither,False
corolla_hue,corolla_hue_sin|corolla_hue_cos,colour,circular_joint,chelsa_bio01,thermal,primary,frozen_technical,ok,40453,203,,0.0003,0.0035437499999999996,True,ok,143,143,,0.0013,0.033428571428571426,True,both_scales,
corolla_hue,corolla_hue_sin|corolla_hue_cos,colour,circular_joint,chelsa_bio04,thermal,primary,frozen_technical,ok,40453,203,,0.0001,0.0014538461538461539,True,ok,143,143,,0.0005,0.021,True,both_scales,
corolla_hue,corolla_hue_sin|corolla_hue_cos,colour,circular_joint,chelsa_bio12,hydric,primary,frozen_technical,ok,40453,203,,0.0001,0.0014538461538461539,True,ok,143,143,,0.366,0.6102,False,within_only,
corolla_hue,corolla_hue_sin|corolla_hue_cos,colour,circular_joint,chelsa_bio15,hydric,primary,frozen_technical,ok,40453,203,,0.0005,0.0055588235294117645,True,ok,143,143,,0.0001,0.006000000000000001,True,both_scales,
corolla_hue,corolla_hue_sin|corolla_hue_cos,colour,circular_joint,chelsa_gsp,growing_season_water_input,primary,frozen_technical,ok,40453,203,,0.4149,0.6760008620689655,False,ok,143,143,,0.0202,0.13984615384615384,False,neither,
corolla_hue,corolla_hue_sin|corolla_hue_cos,colour,circular_joint,chelsa_npp,resource_productivity,primary,frozen_technical,ok,40453,203,,0.0001,0.0014538461538461539,True,ok,143,143,,0.0007,0.021,True,both_scales,
corolla_hue,corolla_hue_sin|corolla_hue_cos,colour,circular_joint,chelsa_rsds_mean,radiative_atmospheric,primary,frozen_technical,ok,40453,203,,0.0001,0.0014538461538461539,True,ok,143,143,,0.0001,0.006000000000000001,True,both_scales,
corolla_hue,corolla_hue_sin|corolla_hue_cos,colour,circular_joint,chelsa_sfcwind_mean,mechanical,primary,frozen_technical,ok,40448,203,,0.0003,0.0035437499999999996,True,ok,143,143,,0.0017,0.034,True,both_scales,
corolla_hue,corolla_hue_sin|corolla_hue_cos,colour,circular_joint,chelsa_vpd_mean,radiative_atmospheric,primary,frozen_technical,ok,40453,203,,0.4686,0.7142370967741936,False,ok,143,143,,0.0118,0.10371428571428572,False,neither,
corolla_lab_chroma,corolla_lab_chroma,colour,linear_endpoint,chelsa_bio01,thermal,primary,frozen_technical,ok,40460,203,-0.00816880892560219,0.3332082560018894,0.6055419267726644,False,ok,143,143,0.11490333044621949,0.1706,0.4433142857142857,False,neither,False
corolla_lab_chroma,corolla_lab_chroma,colour,linear_endpoint,chelsa_bio04,thermal,primary,frozen_technical,ok,40460,203,-0.01867892775592743,0.027648183239084027,0.12745138127285074,False,ok,143,143,-0.013298029019620418,0.8709,0.9558658536585366,False,neither,True
corolla_lab_chroma,corolla_lab_chroma,colour,linear_endpoint,chelsa_bio12,hydric,primary,frozen_technical,ok,40460,203,0.03908349008897829,0.008533295413309725,0.05973306789316807,False,ok,143,143,0.06381112226700864,0.452,0.6668852459016393,False,neither,True
corolla_lab_chroma,corolla_lab_chroma,colour,linear_endpoint,chelsa_bio15,hydric,primary,frozen_technical,ok,40460,203,-0.0006989063297474722,0.9577476486341162,0.9784557059018809,False,ok,143,143,-0.0913007938029623,0.2808,0.5616,False,neither,True
corolla_lab_chroma,corolla_lab_chroma,colour,linear_endpoint,chelsa_gsp,growing_season_water_input,primary,frozen_technical,ok,40460,203,-0.003498301646508369,0.1836424261710663,0.40637056530836585,False,ok,143,143,0.09064662586859537,0.2805,0.5616,False,neither,False
corolla_lab_chroma,corolla_lab_chroma,colour,linear_endpoint,chelsa_npp,resource_productivity,primary,frozen_technical,ok,40460,203,0.03457889595600916,0.02596150874838203,0.12415267454424525,False,ok,143,143,0.2463466831515829,0.0034,0.05538461538461538,False,neither,True
corolla_lab_chroma,corolla_lab_chroma,colour,linear_endpoint,chelsa_rsds_mean,radiative_atmospheric,primary,frozen_technical,ok,40460,203,0.0010220601736449094,0.8745562885329439,0.9499490720271632,False,ok,143,143,-0.3453720170895292,0.0001,0.006000000000000001,True,among_only,False
corolla_lab_chroma,corolla_lab_chroma,colour,linear_endpoint,chelsa_sfcwind_mean,mechanical,primary,frozen_technical,ok,40455,203,0.011168932479272285,0.03395238453676963,0.15007347876124266,False,ok,143,143,-0.058968658956042065,0.4821,0.6998225806451612,False,neither,False
corolla_lab_chroma,corolla_lab_chroma,colour,linear_endpoint,chelsa_vpd_mean,radiative_atmospheric,primary,frozen_technical,ok,40460,203,-0.028961896839613463,5.144500837233444e-06,0.000138901522605303,True,ok,143,143,-0.01864930219079068,0.8296,0.9372375,False,within_only,True
corolla_lab_lightness,corolla_lab_lightness,colour,linear_endpoint,chelsa_bio01,thermal,primary,frozen_technical,ok,40460,203,0.035529852464154056,0.055109677549850654,0.19652318975324098,False,ok,143,143,-0.07311241781437157,0.3858,0.6145486725663717,False,neither,False
corolla_lab_lightness,corolla_lab_lightness,colour,linear_endpoint,chelsa_bio04,thermal,primary,frozen_technical,ok,40460,203,0.02048546468687831,0.16569868716365932,0.3975186688908391,False,ok,143,143,0.19022418029414068,0.0239,0.15364285714285716,False,neither,True
corolla_lab_lightness,corolla_lab_lightness,colour,linear_endpoint,chelsa_bio12,hydric,primary,frozen_technical,ok,40460,203,-0.009771502680792507,0.39864635768757106,0.6648054784139348,False,ok,143,143,-0.18020079729541813,0.0315,0.1729090909090909,False,neither,True
corolla_lab_lightness,corolla_lab_lightness,colour,linear_endpoint,chelsa_bio15,hydric,primary,frozen_technical,ok,40460,203,-0.025366356622343288,0.12114717570310937,0.31365501654640643,False,ok,143,143,-0.19474332520188947,0.0198,0.13984615384615384,False,neither,True
corolla_lab_lightness,corolla_lab_lightness,colour,linear_endpoint,chelsa_gsp,growing_season_water_input,primary,frozen_technical,ok,40460,203,-0.005079985732094842,0.02242909266689502,0.11794806735732083,False,ok,143,143,-0.23871830357089918,0.004,0.05538461538461538,False,neither,True
corolla_lab_lightness,corolla_lab_lightness,colour,linear_endpoint,chelsa_npp,resource_productivity,primary,frozen_technical,ok,40460,203,0.028652067028447723,0.010569495779249587,0.06888395525097145,False,ok,143,143,-0.15752541060600933,0.0609,0.28107692307692306,False,neither,False
corolla_lab_lightness,corolla_lab_lightness,colour,linear_endpoint,chelsa_rsds_mean,radiative_atmospheric,primary,frozen_technical,ok,40460,203,-0.0008404074662433161,0.9764705767790871,0.992220102211008,False,ok,143,143,0.08600911719670168,0.3028,0.5739157894736842,False,neither,False
corolla_lab_lightness,corolla_lab_lightness,colour,linear_endpoint,chelsa_sfcwind_mean,mechanical,primary,frozen_technical,ok,40455,203,0.003817623296701142,0.7805080125962138,0.9228574010767728,False,ok,143,143,0.12902845396224083,0.1221,0.39246428571428577,False,neither,True
corolla_lab_lightness,corolla_lab_lightness,colour,linear_endpoint,chelsa_vpd_mean,radiative_atmospheric,primary,frozen_technical,ok,40460,203,0.03570955710838619,0.1176336461624986,0.3087883211765588,False,ok,143,143,0.067761598131988,0.4266,0.6452773109243697,False,neither,True
corolla_purple_pixel_fraction,corolla_purple_pixel_fraction,colour,linear_endpoint,chelsa_bio01,thermal,descriptive_only,requires_botanical_calibration,unexecuted_no_measurement,0,0,,,,False,unexecuted_no_measurement,0,0,,,,False,not_comparable,
corolla_purple_pixel_fraction,corolla_purple_pixel_fraction,colour,linear_endpoint,chelsa_bio04,thermal,descriptive_only,requires_botanical_calibration,unexecuted_no_measurement,0,0,,,,False,unexecuted_no_measurement,0,0,,,,False,not_comparable,
corolla_purple_pixel_fraction,corolla_purple_pixel_fraction,colour,linear_endpoint,chelsa_bio12,hydric,descriptive_only,requires_botanical_calibration,unexecuted_no_measurement,0,0,,,,False,unexecuted_no_measurement,0,0,,,,False,not_comparable,
corolla_purple_pixel_fraction,corolla_purple_pixel_fraction,colour,linear_endpoint,chelsa_bio15,hydric,descriptive_only,requires_botanical_calibration,unexecuted_no_measurement,0,0,,,,False,unexecuted_no_measurement,0,0,,,,False,not_comparable,
corolla_purple_pixel_fraction,corolla_purple_pixel_fraction,colour,linear_endpoint,chelsa_gsp,growing_season_water_input,descriptive_only,requires_botanical_calibration,unexecuted_no_measurement,0,0,,,,False,unexecuted_no_measurement,0,0,,,,False,not_comparable,
corolla_purple_pixel_fraction,corolla_purple_pixel_fraction,colour,linear_endpoint,chelsa_npp,resource_productivity,descriptive_only,requires_botanical_calibration,unexecuted_no_measurement,0,0,,,,False,unexecuted_no_measurement,0,0,,,,False,not_comparable,
corolla_purple_pixel_fraction,corolla_purple_pixel_fraction,colour,linear_endpoint,chelsa_rsds_mean,radiative_atmospheric,descriptive_only,requires_botanical_calibration,unexecuted_no_measurement,0,0,,,,False,unexecuted_no_measurement,0,0,,,,False,not_comparable,
corolla_purple_pixel_fraction,corolla_purple_pixel_fraction,colour,linear_endpoint,chelsa_sfcwind_mean,mechanical,descriptive_only,requires_botanical_calibration,unexecuted_no_measurement,0,0,,,,False,unexecuted_no_measurement,0,0,,,,False,not_comparable,
corolla_purple_pixel_fraction,corolla_purple_pixel_fraction,colour,linear_endpoint,chelsa_vpd_mean,radiative_atmospheric,descriptive_only,requires_botanical_calibration,unexecuted_no_measurement,0,0,,,,False,unexecuted_no_measurement,0,0,,,,False,not_comparable,
corolla_redmagenta_pixel_fraction,corolla_redmagenta_pixel_fraction,colour,linear_endpoint,chelsa_bio01,thermal,descriptive_only,requires_botanical_calibration,unexecuted_no_measurement,0,0,,,,False,unexecuted_no_measurement,0,0,,,,False,not_comparable,
corolla_redmagenta_pixel_fraction,corolla_redmagenta_pixel_fraction,colour,linear_endpoint,chelsa_bio04,thermal,descriptive_only,requires_botanical_calibration,unexecuted_no_measurement,0,0,,,,False,unexecuted_no_measurement,0,0,,,,False,not_comparable,
corolla_redmagenta_pixel_fraction,corolla_redmagenta_pixel_fraction,colour,linear_endpoint,chelsa_bio12,hydric,descriptive_only,requires_botanical_calibration,unexecuted_no_measurement,0,0,,,,False,unexecuted_no_measurement,0,0,,,,False,not_comparable,
corolla_redmagenta_pixel_fraction,corolla_redmagenta_pixel_fraction,colour,linear_endpoint,chelsa_bio15,hydric,descriptive_only,requires_botanical_calibration,unexecuted_no_measurement,0,0,,,,False,unexecuted_no_measurement,0,0,,,,False,not_comparable,
corolla_redmagenta_pixel_fraction,corolla_redmagenta_pixel_fraction,colour,linear_endpoint,chelsa_gsp,growing_season_water_input,descriptive_only,requires_botanical_calibration,unexecuted_no_measurement,0,0,,,,False,unexecuted_no_measurement,0,0,,,,False,not_comparable,
corolla_redmagenta_pixel_fraction,corolla_redmagenta_pixel_fraction,colour,linear_endpoint,chelsa_npp,resource_productivity,descriptive_only,requires_botanical_calibration,unexecuted_no_measurement,0,0,,,,False,unexecuted_no_measurement,0,0,,,,False,not_comparable,
corolla_redmagenta_pixel_fraction,corolla_redmagenta_pixel_fraction,colour,linear_endpoint,chelsa_rsds_mean,radiative_atmospheric,descriptive_only,requires_botanical_calibration,unexecuted_no_measurement,0,0,,,,False,unexecuted_no_measurement,0,0,,,,False,not_comparable,
corolla_redmagenta_pixel_fraction,corolla_redmagenta_pixel_fraction,colour,linear_endpoint,chelsa_sfcwind_mean,mechanical,descriptive_only,requires_botanical_calibration,unexecuted_no_measurement,0,0,,,,False,unexecuted_no_measurement,0,0,,,,False,not_comparable,
corolla_redmagenta_pixel_fraction,corolla_redmagenta_pixel_fraction,colour,linear_endpoint,chelsa_vpd_mean,radiative_atmospheric,descriptive_only,requires_botanical_calibration,unexecuted_no_measurement,0,0,,,,False,unexecuted_no_measurement,0,0,,,,False,not_comparable,
corolla_white_pixel_fraction,corolla_white_pixel_fraction,colour,linear_endpoint,chelsa_bio01,thermal,descriptive_only,requires_botanical_calibration,unexecuted_no_measurement,0,0,,,,False,unexecuted_no_measurement,0,0,,,,False,not_comparable,
corolla_white_pixel_fraction,corolla_white_pixel_fraction,colour,linear_endpoint,chelsa_bio04,thermal,descriptive_only,requires_botanical_calibration,unexecuted_no_measurement,0,0,,,,False,unexecuted_no_measurement,0,0,,,,False,not_comparable,
corolla_white_pixel_fraction,corolla_white_pixel_fraction,colour,linear_endpoint,chelsa_bio12,hydric,descriptive_only,requires_botanical_calibration,unexecuted_no_measurement,0,0,,,,False,unexecuted_no_measurement,0,0,,,,False,not_comparable,
corolla_white_pixel_fraction,corolla_white_pixel_fraction,colour,linear_endpoint,chelsa_bio15,hydric,descriptive_only,requires_botanical_calibration,unexecuted_no_measurement,0,0,,,,False,unexecuted_no_measurement,0,0,,,,False,not_comparable,
corolla_white_pixel_fraction,corolla_white_pixel_fraction,colour,linear_endpoint,chelsa_gsp,growing_season_water_input,descriptive_only,requires_botanical_calibration,unexecuted_no_measurement,0,0,,,,False,unexecuted_no_measurement,0,0,,,,False,not_comparable,
corolla_white_pixel_fraction,corolla_white_pixel_fraction,colour,linear_endpoint,chelsa_npp,resource_productivity,descriptive_only,requires_botanical_calibration,unexecuted_no_measurement,0,0,,,,False,unexecuted_no_measurement,0,0,,,,False,not_comparable,
corolla_white_pixel_fraction,corolla_white_pixel_fraction,colour,linear_endpoint,chelsa_rsds_mean,radiative_atmospheric,descriptive_only,requires_botanical_calibration,unexecuted_no_measurement,0,0,,,,False,unexecuted_no_measurement,0,0,,,,False,not_comparable,
corolla_white_pixel_fraction,corolla_white_pixel_fraction,colour,linear_endpoint,chelsa_sfcwind_mean,mechanical,descriptive_only,requires_botanical_calibration,unexecuted_no_measurement,0,0,,,,False,unexecuted_no_measurement,0,0,,,,False,not_comparable,
corolla_white_pixel_fraction,corolla_white_pixel_fraction,colour,linear_endpoint,chelsa_vpd_mean,radiative_atmospheric,descriptive_only,requires_botanical_calibration,unexecuted_no_measurement,0,0,,,,False,unexecuted_no_measurement,0,0,,,,False,not_comparable,
corolla_yellow_pixel_fraction,corolla_yellow_pixel_fraction,colour,linear_endpoint,chelsa_bio01,thermal,descriptive_only,requires_botanical_calibration,unexecuted_no_measurement,0,0,,,,False,unexecuted_no_measurement,0,0,,,,False,not_comparable,
corolla_yellow_pixel_fraction,corolla_yellow_pixel_fraction,colour,linear_endpoint,chelsa_bio04,thermal,descriptive_only,requires_botanical_calibration,unexecuted_no_measurement,0,0,,,,False,unexecuted_no_measurement,0,0,,,,False,not_comparable,
corolla_yellow_pixel_fraction,corolla_yellow_pixel_fraction,colour,linear_endpoint,chelsa_bio12,hydric,descriptive_only,requires_botanical_calibration,unexecuted_no_measurement,0,0,,,,False,unexecuted_no_measurement,0,0,,,,False,not_comparable,
corolla_yellow_pixel_fraction,corolla_yellow_pixel_fraction,colour,linear_endpoint,chelsa_bio15,hydric,descriptive_only,requires_botanical_calibration,unexecuted_no_measurement,0,0,,,,False,unexecuted_no_measurement,0,0,,,,False,not_comparable,
corolla_yellow_pixel_fraction,corolla_yellow_pixel_fraction,colour,linear_endpoint,chelsa_gsp,growing_season_water_input,descriptive_only,requires_botanical_calibration,unexecuted_no_measurement,0,0,,,,False,unexecuted_no_measurement,0,0,,,,False,not_comparable,
corolla_yellow_pixel_fraction,corolla_yellow_pixel_fraction,colour,linear_endpoint,chelsa_npp,resource_productivity,descriptive_only,requires_botanical_calibration,unexecuted_no_measurement,0,0,,,,False,unexecuted_no_measurement,0,0,,,,False,not_comparable,
corolla_yellow_pixel_fraction,corolla_yellow_pixel_fraction,colour,linear_endpoint,chelsa_rsds_mean,radiative_atmospheric,descriptive_only,requires_botanical_calibration,unexecuted_no_measurement,0,0,,,,False,unexecuted_no_measurement,0,0,,,,False,not_comparable,
corolla_yellow_pixel_fraction,corolla_yellow_pixel_fraction,colour,linear_endpoint,chelsa_sfcwind_mean,mechanical,descriptive_only,requires_botanical_calibration,unexecuted_no_measurement,0,0,,,,False,unexecuted_no_measurement,0,0,,,,False,not_comparable,
corolla_yellow_pixel_fraction,corolla_yellow_pixel_fraction,colour,linear_endpoint,chelsa_vpd_mean,radiative_atmospheric,descriptive_only,requires_botanical_calibration,unexecuted_no_measurement,0,0,,,,False,unexecuted_no_measurement,0,0,,,,False,not_comparable,
involucre_apical_taper_ratio,involucre_apical_taper_ratio,involucre_architecture,linear_endpoint,chelsa_bio01,thermal,candidate,requires_botanical_calibration,ok,2277,78,0.02369494378939592,0.4249702153249547,0.6774278221889354,False,ok,44,44,-0.14008180651671742,0.3665,0.6102,False,neither,False
involucre_apical_taper_ratio,involucre_apical_taper_ratio,involucre_architecture,linear_endpoint,chelsa_bio04,thermal,candidate,requires_botanical_calibration,ok,2277,78,0.011816968762011715,0.37037206678242507,0.6403087962261028,False,ok,44,44,-0.1660060012825672,0.2759,0.5616,False,neither,False
involucre_apical_taper_ratio,involucre_apical_taper_ratio,involucre_architecture,linear_endpoint,chelsa_bio12,hydric,candidate,requires_botanical_calibration,ok,2277,78,-0.04972136107525895,4.5610120590930476e-05,0.0009578125324095401,True,ok,44,44,0.004838717075992456,0.9749,0.9858539325842697,False,within_only,False
involucre_apical_taper_ratio,involucre_apical_taper_ratio,involucre_architecture,linear_endpoint,chelsa_bio15,hydric,candidate,requires_botanical_calibration,ok,2277,78,0.022316539625738034,0.2906134502614046,0.5492594209940548,False,ok,44,44,-0.05383320932603788,0.7242,0.8759597315436242,False,neither,False
involucre_apical_taper_ratio,involucre_apical_taper_ratio,involucre_architecture,linear_endpoint,chelsa_gsp,growing_season_water_input,candidate,requires_botanical_calibration,ok,2277,78,-0.0154050297117996,0.49902330393075334,0.7284775637838956,False,ok,44,44,-0.011175180095515769,0.941,0.9858539325842697,False,neither,True
involucre_apical_taper_ratio,involucre_apical_taper_ratio,involucre_architecture,linear_endpoint,chelsa_npp,resource_productivity,candidate,requires_botanical_calibration,ok,2277,78,-0.03291925728212828,0.08765691437394738,0.250646233703129,False,ok,44,44,-0.12121686567216937,0.4367,0.6496363636363636,False,neither,True
involucre_apical_taper_ratio,involucre_apical_taper_ratio,involucre_architecture,linear_endpoint,chelsa_rsds_mean,radiative_atmospheric,candidate,requires_botanical_calibration,ok,2277,78,0.0014381849292128845,0.9142096885689404,0.9681404759373659,False,ok,44,44,0.00995648877412278,0.9505,0.9858539325842697,False,neither,True
involucre_apical_taper_ratio,involucre_apical_taper_ratio,involucre_architecture,linear_endpoint,chelsa_sfcwind_mean,mechanical,candidate,requires_botanical_calibration,ok,2277,78,-0.01964817082817569,0.47359241376772765,0.7144321625831545,False,ok,44,44,0.08851114660581187,0.5667,0.7727727272727273,False,neither,False
involucre_apical_taper_ratio,involucre_apical_taper_ratio,involucre_architecture,linear_endpoint,chelsa_vpd_mean,radiative_atmospheric,candidate,requires_botanical_calibration,ok,2277,78,0.04073549350527586,0.20620797193050022,0.43303674105405043,False,ok,44,44,-0.1583551802829196,0.3029,0.5739157894736842,False,neither,False
involucre_basal_taper_ratio,involucre_basal_taper_ratio,involucre_architecture,linear_endpoint,chelsa_bio01,thermal,candidate,requires_botanical_calibration,ok,2277,78,-0.020832384069574782,0.25558637187635647,0.5084823608908565,False,ok,44,44,0.20749637732911816,0.1779,0.4438356164383561,False,neither,False
involucre_basal_taper_ratio,involucre_basal_taper_ratio,involucre_architecture,linear_endpoint,chelsa_bio04,thermal,candidate,requires_botanical_calibration,ok,2277,78,0.03367368854156049,0.18217930814618877,0.40637056530836585,False,ok,44,44,-0.08448986940135406,0.5734,0.77603007518797,False,neither,False
involucre_basal_taper_ratio,involucre_basal_taper_ratio,involucre_architecture,linear_endpoint,chelsa_bio12,hydric,candidate,requires_botanical_calibration,ok,2277,78,-0.034572703812688656,0.013792394046937278,0.0840891120926176,False,ok,44,44,0.002515446863064174,0.9856,0.9911061452513967,False,neither,False
involucre_basal_taper_ratio,involucre_basal_taper_ratio,involucre_architecture,linear_endpoint,chelsa_bio15,hydric,candidate,requires_botanical_calibration,ok,2277,78,0.030271701196605782,0.06966862220631077,0.21694435175362042,False,ok,44,44,0.24188200736295906,0.1162,0.3802909090909091,False,neither,True
involucre_basal_taper_ratio,involucre_basal_taper_ratio,involucre_architecture,linear_endpoint,chelsa_gsp,growing_season_water_input,candidate,requires_botanical_calibration,ok,2277,78,-0.006333718646990634,0.7091816038937993,0.910561895656198,False,ok,44,44,0.19413597693584475,0.209,0.48857142857142855,False,neither,False
involucre_basal_taper_ratio,involucre_basal_taper_ratio,involucre_architecture,linear_endpoint,chelsa_npp,resource_productivity,candidate,requires_botanical_calibration,ok,2277,78,-0.05583993088922138,0.0006929165675669164,0.007275623959452623,True,ok,44,44,0.18194321726913626,0.2336,0.5256000000000001,False,within_only,False
involucre_basal_taper_ratio,involucre_basal_taper_ratio,involucre_architecture,linear_endpoint,chelsa_rsds_mean,radiative_atmospheric,candidate,requires_botanical_calibration,ok,2277,78,0.0033959702999212214,0.8339073628758054,0.9386765297635904,False,ok,44,44,-0.03355905881052515,0.826,0.9372375,False,neither,False
involucre_basal_taper_ratio,involucre_basal_taper_ratio,involucre_architecture,linear_endpoint,chelsa_sfcwind_mean,mechanical,candidate,requires_botanical_calibration,ok,2277,78,-0.030477699194550744,0.05504578275722663,0.19652318975324098,False,ok,44,44,-0.22103912985842775,0.1487,0.41821875,False,neither,True
involucre_basal_taper_ratio,involucre_basal_taper_ratio,involucre_architecture,linear_endpoint,chelsa_vpd_mean,radiative_atmospheric,candidate,requires_botanical_calibration,ok,2277,78,0.005010825010523381,0.7120097732801807,0.910561895656198,False,ok,44,44,0.1508223353901371,0.3306,0.6063636363636363,False,neither,True
involucre_length_width_ratio,involucre_length_width_ratio,involucre_architecture,linear_endpoint,chelsa_bio01,thermal,candidate,requires_botanical_calibration,ok,2277,78,-0.016375106922587514,0.4301129029771018,0.6774278221889354,False,ok,44,44,0.20191894475081484,0.1887,0.45288,False,neither,False
involucre_length_width_ratio,involucre_length_width_ratio,involucre_architecture,linear_endpoint,chelsa_bio04,thermal,candidate,requires_botanical_calibration,ok,2277,78,0.019022903583088523,0.026275698316242383,0.12415267454424525,False,ok,44,44,-0.006548133681237516,0.9669,0.9858539325842697,False,neither,False
involucre_length_width_ratio,involucre_length_width_ratio,involucre_architecture,linear_endpoint,chelsa_bio12,hydric,candidate,requires_botanical_calibration,ok,2277,78,-0.019819929581138807,0.28431476499791497,0.5427827331778377,False,ok,44,44,-0.3207067087041942,0.0296,0.1718709677419355,False,neither,True
involucre_length_width_ratio,involucre_length_width_ratio,involucre_architecture,linear_endpoint,chelsa_bio15,hydric,candidate,requires_botanical_calibration,ok,2277,78,0.05492257902532353,7.836654554426542e-06,0.00018514096384832706,True,ok,44,44,-0.010160891065191824,0.9507,0.9858539325842697,False,within_only,False
involucre_length_width_ratio,involucre_length_width_ratio,involucre_architecture,linear_endpoint,chelsa_gsp,growing_season_water_input,candidate,requires_botanical_calibration,ok,2277,78,-0.022444354142800788,6.239598348380705e-07,1.965473479739922e-05,True,ok,44,44,-0.21807684371683772,0.1561,0.43009090909090913,False,within_only,True
involucre_length_width_ratio,involucre_length_width_ratio,involucre_architecture,linear_endpoint,chelsa_npp,resource_productivity,candidate,requires_botanical_calibration,ok,2277,78,-0.023206995310348047,0.18490935775936224,0.40637056530836585,False,ok,44,44,-0.07828758777791932,0.6151,0.8141029411764705,False,neither,True
involucre_length_width_ratio,involucre_length_width_ratio,involucre_architecture,linear_endpoint,chelsa_rsds_mean,radiative_atmospheric,candidate,requires_botanical_calibration,ok,2277,78,0.0016081455869814036,0.8512787496442147,0.9386765297635904,False,ok,44,44,0.2439805461982732,0.1107,0.36900000000000005,False,neither,True
involucre_length_width_ratio,involucre_length_width_ratio,involucre_architecture,linear_endpoint,chelsa_sfcwind_mean,mechanical,candidate,requires_botanical_calibration,ok,2277,78,0.010280353510083077,0.7351454242305504,0.910561895656198,False,ok,44,44,-0.02229831609159381,0.8876,0.9682909090909091,False,neither,False
involucre_length_width_ratio,involucre_length_width_ratio,involucre_architecture,linear_endpoint,chelsa_vpd_mean,radiative_atmospheric,candidate,requires_botanical_calibration,ok,2277,78,-0.004358446448070189,0.8299187923751237,0.9386765297635904,False,ok,44,44,0.3485375563973434,0.0216,0.14400000000000002,False,neither,False
involucre_surface_edge_density,involucre_surface_edge_density,indumentum,linear_endpoint,chelsa_bio01,thermal,validation_only,requires_botanical_calibration,ok,873,49,0.0708014392838451,0.0032588268770572812,0.02566326165682609,True,ok,21,21,0.0812203092684422,0.7218,0.8759597315436242,False,within_only,True
involucre_surface_edge_density,involucre_surface_edge_density,indumentum,linear_endpoint,chelsa_bio04,thermal,validation_only,requires_botanical_calibration,ok,873,49,-0.06952447082808833,0.012754729763309535,0.08035479750885006,False,ok,21,21,-0.14649274004044274,0.5172,0.7216744186046512,False,neither,True
involucre_surface_edge_density,involucre_surface_edge_density,indumentum,linear_endpoint,chelsa_bio12,hydric,validation_only,requires_botanical_calibration,ok,873,49,0.02116188761609531,0.26564183561712007,0.5175907931096463,False,ok,21,21,-0.0834357283129654,0.7162,0.8759597315436242,False,neither,False
involucre_surface_edge_density,involucre_surface_edge_density,indumentum,linear_endpoint,chelsa_bio15,hydric,validation_only,requires_botanical_calibration,ok,873,49,-0.023184280904555897,0.3640592287628046,0.6403087962261028,False,ok,21,21,0.10072426238366312,0.6513,0.8314468085106382,False,neither,False
involucre_surface_edge_density,involucre_surface_edge_density,indumentum,linear_endpoint,chelsa_gsp,growing_season_water_input,validation_only,requires_botanical_calibration,ok,873,49,-0.009287497997135874,0.0,0.0,True,ok,21,21,-0.011148274194432145,0.9633,0.9858539325842697,False,within_only,True
involucre_surface_edge_density,involucre_surface_edge_density,indumentum,linear_endpoint,chelsa_npp,resource_productivity,validation_only,requires_botanical_calibration,ok,873,49,0.048232726631626095,0.059662174559065306,0.20834184194480662,False,ok,21,21,-0.05497871892953464,0.8179,0.9372375,False,neither,False
involucre_surface_edge_density,involucre_surface_edge_density,indumentum,linear_endpoint,chelsa_rsds_mean,radiative_atmospheric,validation_only,requires_botanical_calibration,ok,873,49,-0.0174590034318766,0.3937165965045335,0.6643967566014003,False,ok,21,21,0.04203046184302954,0.8612,0.9510184049079754,False,neither,False
involucre_surface_edge_density,involucre_surface_edge_density,indumentum,linear_endpoint,chelsa_sfcwind_mean,mechanical,validation_only,requires_botanical_calibration,ok,873,49,0.06442860532532924,0.01719169252987403,0.1015384340045685,False,ok,21,21,0.2560685676620954,0.2675,0.5616,False,neither,True
involucre_surface_edge_density,involucre_surface_edge_density,indumentum,linear_endpoint,chelsa_vpd_mean,radiative_atmospheric,validation_only,requires_botanical_calibration,ok,873,49,0.04339636917943504,0.06466694830129928,0.2144219864727292,False,ok,21,21,0.07105572555285408,0.7561,0.889529411764706,False,neither,True
involucre_surface_high_frequency_energy,involucre_surface_high_frequency_energy,indumentum,linear_endpoint,chelsa_bio01,thermal,validation_only,requires_botanical_calibration,ok,873,49,0.08250482385644788,0.001356076841902615,0.012204691577123535,True,ok,21,21,0.24018004959738817,0.2912,0.5697391304347826,False,within_only,True
involucre_surface_high_frequency_energy,involucre_surface_high_frequency_energy,indumentum,linear_endpoint,chelsa_bio04,thermal,validation_only,requires_botanical_calibration,ok,873,49,-0.042878542205025245,0.16300052165974732,0.3975186688908391,False,ok,21,21,-0.3871803843794456,0.0871,0.3484,False,neither,True
involucre_surface_high_frequency_energy,involucre_surface_high_frequency_energy,indumentum,linear_endpoint,chelsa_bio12,hydric,validation_only,requires_botanical_calibration,ok,873,49,-0.0020348776210930663,0.9484092084171274,0.9750777560899622,False,ok,21,21,0.20462187479453853,0.3698,0.6102,False,neither,False
involucre_surface_high_frequency_energy,involucre_surface_high_frequency_energy,indumentum,linear_endpoint,chelsa_bio15,hydric,validation_only,requires_botanical_calibration,ok,873,49,0.03226411946872824,0.264812032947203,0.5175907931096463,False,ok,21,21,0.37921565474329344,0.0925,0.34905882352941175,False,neither,True
involucre_surface_high_frequency_energy,involucre_surface_high_frequency_energy,indumentum,linear_endpoint,chelsa_gsp,growing_season_water_input,validation_only,requires_botanical_calibration,ok,873,49,0.042759345678848,0.0,0.0,True,ok,21,21,0.22501983838187306,0.3308,0.6063636363636363,False,within_only,True
involucre_surface_high_frequency_energy,involucre_surface_high_frequency_energy,indumentum,linear_endpoint,chelsa_npp,resource_productivity,validation_only,requires_botanical_calibration,ok,873,49,0.0432000274939556,0.17589465702776186,0.4054157338810609,False,ok,21,21,0.20837153099206326,0.3716,0.6102,False,neither,True
involucre_surface_high_frequency_energy,involucre_surface_high_frequency_energy,indumentum,linear_endpoint,chelsa_rsds_mean,radiative_atmospheric,validation_only,requires_botanical_calibration,ok,873,49,0.01352455041334095,0.49821575335522994,0.7284775637838956,False,ok,21,21,0.5856572029074671,0.0039,0.05538461538461538,False,neither,True
involucre_surface_high_frequency_energy,involucre_surface_high_frequency_energy,indumentum,linear_endpoint,chelsa_sfcwind_mean,mechanical,validation_only,requires_botanical_calibration,ok,873,49,0.06184664628915651,0.07520169124245911,0.22207999445038706,False,ok,21,21,-0.2023510434975955,0.3787,0.610875,False,neither,False
involucre_surface_high_frequency_energy,involucre_surface_high_frequency_energy,indumentum,linear_endpoint,chelsa_vpd_mean,radiative_atmospheric,validation_only,requires_botanical_calibration,ok,873,49,0.07749427612380864,0.001155811212922426,0.011321817615478106,True,ok,21,21,0.23607024118815562,0.2902,0.5697391304347826,False,within_only,True
involucre_surface_lbp_entropy,involucre_surface_lbp_entropy,indumentum,linear_endpoint,chelsa_bio01,thermal,validation_only,requires_botanical_calibration,ok,873,49,0.027039630026807916,0.457614121552798,0.7031631623860067,False,ok,21,21,-0.18369767320624192,0.4261,0.6452773109243697,False,neither,False
involucre_surface_lbp_entropy,involucre_surface_lbp_entropy,indumentum,linear_endpoint,chelsa_bio04,thermal,validation_only,requires_botanical_calibration,ok,873,49,0.017102588869447814,0.7239413693666571,0.910561895656198,False,ok,21,21,-0.31063149943178114,0.1724,0.4433142857142857,False,neither,False
involucre_surface_lbp_entropy,involucre_surface_lbp_entropy,indumentum,linear_endpoint,chelsa_bio12,hydric,validation_only,requires_botanical_calibration,ok,873,49,-0.02981363350579086,0.4428134648849471,0.6859979087152049,False,ok,21,21,0.014161490387133966,0.9563,0.9858539325842697,False,neither,False
involucre_surface_lbp_entropy,involucre_surface_lbp_entropy,indumentum,linear_endpoint,chelsa_bio15,hydric,validation_only,requires_botanical_calibration,ok,873,49,0.003298406247942761,0.9492820482568944,0.9750777560899622,False,ok,21,21,0.15346567996098642,0.5118,0.7197187500000001,False,neither,True
involucre_surface_lbp_entropy,involucre_surface_lbp_entropy,indumentum,linear_endpoint,chelsa_gsp,growing_season_water_input,validation_only,requires_botanical_calibration,ok,873,49,0.04499294640216785,0.0,0.0,True,ok,21,21,-0.026036614648738392,0.9112,0.9858539325842697,False,within_only,False
involucre_surface_lbp_entropy,involucre_surface_lbp_entropy,indumentum,linear_endpoint,chelsa_npp,resource_productivity,validation_only,requires_botanical_calibration,ok,873,49,0.03149811237975403,0.3529653843300844,0.6293439399847731,False,ok,21,21,-0.1246666941856857,0.5916,0.7914666666666667,False,neither,False
involucre_surface_lbp_entropy,involucre_surface_lbp_entropy,indumentum,linear_endpoint,chelsa_rsds_mean,radiative_atmospheric,validation_only,requires_botanical_calibration,ok,873,49,-0.04601589985156383,0.05024982532226619,0.19337317171580698,False,ok,21,21,0.09366638110424269,0.6839,0.8548749999999999,False,neither,False
involucre_surface_lbp_entropy,involucre_surface_lbp_entropy,indumentum,linear_endpoint,chelsa_sfcwind_mean,mechanical,validation_only,requires_botanical_calibration,ok,873,49,0.046035267834925994,0.017984396255392904,0.10220649841060403,False,ok,21,21,-0.34490870339829954,0.1319,0.3984,False,neither,False
involucre_surface_lbp_entropy,involucre_surface_lbp_entropy,indumentum,linear_endpoint,chelsa_vpd_mean,radiative_atmospheric,validation_only,requires_botanical_calibration,ok,873,49,0.04211319946947959,0.1441918748767024,0.3585824256802205,False,ok,21,21,-0.26761560187449096,0.2371,0.526888888888889,False,neither,False
involucre_surface_specular_fraction,involucre_surface_specular_fraction,exudate,linear_endpoint,chelsa_bio01,thermal,validation_only,requires_botanical_calibration,ok,873,49,0.024394406222020108,0.3726664951580493,0.6403087962261028,False,failed:ValueError:No finite variation,21,21,,,,False,not_comparable,
involucre_surface_specular_fraction,involucre_surface_specular_fraction,exudate,linear_endpoint,chelsa_bio04,thermal,validation_only,requires_botanical_calibration,ok,873,49,-0.02766475496674194,0.16898003082054813,0.399215322813545,False,failed:ValueError:No finite variation,21,21,,,,False,not_comparable,
involucre_surface_specular_fraction,involucre_surface_specular_fraction,exudate,linear_endpoint,chelsa_bio12,hydric,validation_only,requires_botanical_calibration,ok,873,49,0.014044012433624666,0.7265349631228823,0.910561895656198,False,failed:ValueError:No finite variation,21,21,,,,False,not_comparable,
involucre_surface_specular_fraction,involucre_surface_specular_fraction,exudate,linear_endpoint,chelsa_bio15,hydric,validation_only,requires_botanical_calibration,ok,873,49,0.032600715529974685,0.5896632416254773,0.8134770267679943,False,failed:ValueError:No finite variation,21,21,,,,False,not_comparable,
involucre_surface_specular_fraction,involucre_surface_specular_fraction,exudate,linear_endpoint,chelsa_gsp,growing_season_water_input,validation_only,requires_botanical_calibration,ok,873,49,-0.02795375324483243,0.0,0.0,True,failed:ValueError:No finite variation,21,21,,,,False,not_comparable,
involucre_surface_specular_fraction,involucre_surface_specular_fraction,exudate,linear_endpoint,chelsa_npp,resource_productivity,validation_only,requires_botanical_calibration,ok,873,49,-0.0202890529279638,0.2216384490645702,0.4553224660130844,False,failed:ValueError:No finite variation,21,21,,,,False,not_comparable,
involucre_surface_specular_fraction,involucre_surface_specular_fraction,exudate,linear_endpoint,chelsa_rsds_mean,radiative_atmospheric,validation_only,requires_botanical_calibration,ok,873,49,0.04690150768470227,0.10245822045138142,0.28477358331339836,False,failed:ValueError:No finite variation,21,21,,,,False,not_comparable,
involucre_surface_specular_fraction,involucre_surface_specular_fraction,exudate,linear_endpoint,chelsa_sfcwind_mean,mechanical,validation_only,requires_botanical_calibration,ok,873,49,-0.015812811763057714,0.4800681727410615,0.7144321625831545,False,failed:ValueError:No finite variation,21,21,,,,False,not_comparable,
involucre_surface_specular_fraction,involucre_surface_specular_fraction,exudate,linear_endpoint,chelsa_vpd_mean,radiative_atmospheric,validation_only,requires_botanical_calibration,ok,873,49,0.017917371131927862,0.5829583215470935,0.8101406086205932,False,failed:ValueError:No finite variation,21,21,,,,False,not_comparable,
orientation_image_vertical_angle,orientation_image_vertical_angle,orientation,linear_endpoint,chelsa_bio01,thermal,primary,frozen_technical,ok,37196,199,0.017150276939660723,0.006539072158938744,0.04753402453997779,True,ok,142,142,-0.030237879836990913,0.7164,0.8759597315436242,False,within_only,False
orientation_image_vertical_angle,orientation_image_vertical_angle,orientation,linear_endpoint,chelsa_bio04,thermal,primary,frozen_technical,ok,37196,199,-2.6797428909506715e-05,0.9986223609731634,0.9992830309612295,False,ok,142,142,-0.11779938873020039,0.1577,0.43009090909090913,False,neither,True
orientation_image_vertical_angle,orientation_image_vertical_angle,orientation,linear_endpoint,chelsa_bio12,hydric,primary,frozen_technical,ok,37196,199,0.005326419789616406,0.6010430181722077,0.8231676118445455,False,ok,142,142,0.3043592858977514,0.0006,0.021,True,among_only,True
orientation_image_vertical_angle,orientation_image_vertical_angle,orientation,linear_endpoint,chelsa_bio15,hydric,primary,frozen_technical,ok,37196,199,-0.0076180061143611795,0.04553394068823519,0.1831045700016266,False,ok,142,142,0.06700434467733735,0.4306,0.6458999999999999,False,neither,False
orientation_image_vertical_angle,orientation_image_vertical_angle,orientation,linear_endpoint,chelsa_gsp,growing_season_water_input,primary,frozen_technical,ok,37196,199,0.003872393404636179,0.07116693020489136,0.21694435175362042,False,ok,142,142,0.25807835245930766,0.0015,0.03375,True,among_only,True
orientation_image_vertical_angle,orientation_image_vertical_angle,orientation,linear_endpoint,chelsa_npp,resource_productivity,primary,frozen_technical,ok,37196,199,0.012473090155227464,0.0606285783437268,0.20834184194480662,False,ok,142,142,0.13862572677278498,0.097,0.34905882352941175,False,neither,True
orientation_image_vertical_angle,orientation_image_vertical_angle,orientation,linear_endpoint,chelsa_rsds_mean,radiative_atmospheric,primary,frozen_technical,ok,37196,199,0.0005906852594086692,0.9317383760507599,0.9693739023956434,False,ok,142,142,-0.06958767916533604,0.4076,0.6367692307692308,False,neither,False
orientation_image_vertical_angle,orientation_image_vertical_angle,orientation,linear_endpoint,chelsa_sfcwind_mean,mechanical,primary,frozen_technical,ok,37192,199,0.0005201126048059424,0.9169161121311561,0.9681404759373659,False,ok,142,142,0.055538924008351157,0.5106,0.7197187500000001,False,neither,True
orientation_image_vertical_angle,orientation_image_vertical_angle,orientation,linear_endpoint,chelsa_vpd_mean,radiative_atmospheric,primary,frozen_technical,ok,37196,199,0.014164838283564053,0.0446584500056516,0.1831045700016266,False,ok,142,142,-0.1194209419359004,0.1657,0.4407352941176471,False,neither,False
visible_floret_fraction,visible_floret_fraction,display,linear_endpoint,chelsa_bio01,thermal,candidate,requires_botanical_calibration,unexecuted_no_measurement,0,0,,,,False,unexecuted_no_measurement,0,0,,,,False,not_comparable,
visible_floret_fraction,visible_floret_fraction,display,linear_endpoint,chelsa_bio04,thermal,candidate,requires_botanical_calibration,unexecuted_no_measurement,0,0,,,,False,unexecuted_no_measurement,0,0,,,,False,not_comparable,
visible_floret_fraction,visible_floret_fraction,display,linear_endpoint,chelsa_bio12,hydric,candidate,requires_botanical_calibration,unexecuted_no_measurement,0,0,,,,False,unexecuted_no_measurement,0,0,,,,False,not_comparable,
visible_floret_fraction,visible_floret_fraction,display,linear_endpoint,chelsa_bio15,hydric,candidate,requires_botanical_calibration,unexecuted_no_measurement,0,0,,,,False,unexecuted_no_measurement,0,0,,,,False,not_comparable,
visible_floret_fraction,visible_floret_fraction,display,linear_endpoint,chelsa_gsp,growing_season_water_input,candidate,requires_botanical_calibration,unexecuted_no_measurement,0,0,,,,False,unexecuted_no_measurement,0,0,,,,False,not_comparable,
visible_floret_fraction,visible_floret_fraction,display,linear_endpoint,chelsa_npp,resource_productivity,candidate,requires_botanical_calibration,unexecuted_no_measurement,0,0,,,,False,unexecuted_no_measurement,0,0,,,,False,not_comparable,
visible_floret_fraction,visible_floret_fraction,display,linear_endpoint,chelsa_rsds_mean,radiative_atmospheric,candidate,requires_botanical_calibration,unexecuted_no_measurement,0,0,,,,False,unexecuted_no_measurement,0,0,,,,False,not_comparable,
visible_floret_fraction,visible_floret_fraction,display,linear_endpoint,chelsa_sfcwind_mean,mechanical,candidate,requires_botanical_calibration,unexecuted_no_measurement,0,0,,,,False,unexecuted_no_measurement,0,0,,,,False,not_comparable,
visible_floret_fraction,visible_floret_fraction,display,linear_endpoint,chelsa_vpd_mean,radiative_atmospheric,candidate,requires_botanical_calibration,unexecuted_no_measurement,0,0,,,,False,unexecuted_no_measurement,0,0,,,,False,not_comparable,
