"mean","sd","0.025quant","0.5quant","0.975quant","mode","parameter","trait","model_group"
1.0330399723614,0.00840234054108663,1.01544857944919,1.03339332415732,1.04841008811564,1.03516801712771,"Precision for the Gaussian observations","orientation_angle_degrees_median","climate"
16.6910234516565,3.2576232803634,11.3971549304166,16.3174563442401,24.1680261884691,15.4934638748012,"Precision for species","orientation_angle_degrees_median","climate"
2150.28552367465,2339.95607675912,152.899706275474,1422.21641260319,8362.82330585143,421.212954067819,"Range for spatial","orientation_angle_degrees_median","climate"
0.206712739335241,0.327758117864324,0.0207793255945324,0.113674741179256,0.989830523769069,0.047668148209777,"Stdev for spatial","orientation_angle_degrees_median","climate"
1.02887748024954,0.0082092920557895,1.01255128095517,1.02893266403193,1.04487267998309,1.0292403266226,"Precision for the Gaussian observations","orientation_angle_degrees_median","climate_topography"
16.6177588365157,3.22977843311488,11.005473149286,16.3657944274028,23.6660764036994,15.9563375887269,"Precision for species","orientation_angle_degrees_median","climate_topography"
3312.93721912061,944.491964574128,1881.15225361947,3172.41151452675,5566.93239605543,2896.86454382703,"Range for spatial","orientation_angle_degrees_median","climate_topography"
0.0605007251348104,0.0167879802936958,0.0341321615610168,0.0582882671814711,0.0996889596629623,0.0540988062979477,"Stdev for spatial","orientation_angle_degrees_median","climate_topography"
1.03172538662252,0.00838158243899501,1.01605064302527,1.03145578716445,1.04902039504118,1.03033219274854,"Precision for the Gaussian observations","orientation_angle_degrees_median","climate_soil"
16.7081093112294,3.30128620571332,10.8680458437564,16.4842550392738,23.7956333496658,16.1947866869825,"Precision for species","orientation_angle_degrees_median","climate_soil"
357.056796424613,166.849998562482,139.103897215764,322.326948441923,779.955936253352,263.680794171259,"Range for spatial","orientation_angle_degrees_median","climate_soil"
0.0791415106806753,0.0184137708624204,0.0524060080207734,0.0762092524679849,0.124009002449598,0.0688693506957703,"Stdev for spatial","orientation_angle_degrees_median","climate_soil"
1.02885161563083,0.00821750389204402,1.01246254285849,1.02892253522876,1.04481514212253,1.02929969247361,"Precision for the Gaussian observations","orientation_angle_degrees_median","full"
15.4921839732945,3.01520004794035,10.0514307605349,15.3224909778929,21.8420700371645,15.2032657640996,"Precision for species","orientation_angle_degrees_median","full"
1593.34239470778,464.46216709658,908.938716361069,1518.69301920751,2718.73230140926,1367.91063927139,"Range for spatial","orientation_angle_degrees_median","full"
0.0421351492881171,0.0114640823996195,0.0228647276508993,0.0410187993778871,0.0675762311311726,0.0392052258812494,"Stdev for spatial","orientation_angle_degrees_median","full"
1.27394638681423,0.0098873650019294,1.25422100378726,1.27403375347669,1.29314781913196,1.2744938376759,"Precision for the Gaussian observations","corolla_lab_lightness_median","climate"
3.6904448323593,0.538129537783151,2.73492577721224,3.65514094040854,4.84881960873035,3.59145807094094,"Precision for species","corolla_lab_lightness_median","climate"
1039.77073811566,205.777011776359,710.442095970946,1014.67105956376,1516.512021789,957.33257498353,"Range for spatial","corolla_lab_lightness_median","climate"
0.234990785966055,0.0222861882336153,0.195358410378807,0.233550455229195,0.283017577559321,0.229874215762065,"Stdev for spatial","corolla_lab_lightness_median","climate"
1.27398428622936,0.00987524852439698,1.25459307041017,1.27396670878475,1.29347518152183,1.27397620089524,"Precision for the Gaussian observations","corolla_lab_lightness_median","climate_topography"
3.74802743203944,0.555779423070453,2.77238919161176,3.7077747404306,4.95563036307141,3.62902841021252,"Precision for species","corolla_lab_lightness_median","climate_topography"
1030.52560352431,195.621421848079,712.03568661617,1008.29878032334,1479.00832235257,958.495779581752,"Range for spatial","corolla_lab_lightness_median","climate_topography"
0.234119666195151,0.0215774180017776,0.194976658005734,0.232977001237317,0.279865538687976,0.23039082981418,"Stdev for spatial","corolla_lab_lightness_median","climate_topography"
1.27475905813893,0.00988627427761997,1.25541394219472,1.27471815166002,1.29433957726163,1.27463110059611,"Precision for the Gaussian observations","corolla_lab_lightness_median","climate_soil"
3.75702815173042,0.602585937215353,2.82469338486406,3.67702484766531,5.17517362816114,3.45088218268171,"Precision for species","corolla_lab_lightness_median","climate_soil"
998.304965973502,195.264169138313,684.802432050149,974.79326881825,1449.83543041386,921.072949252009,"Range for spatial","corolla_lab_lightness_median","climate_soil"
0.230515221234018,0.0215085922667608,0.192811145479127,0.228958419587741,0.277359572978839,0.224650451346556,"Stdev for spatial","corolla_lab_lightness_median","climate_soil"
1.27467694594487,0.00988459375836147,1.2553723302531,1.27462325015616,1.29429136609184,1.27448315933306,"Precision for the Gaussian observations","corolla_lab_lightness_median","full"
3.75729518716661,0.550327814640458,2.78656338440705,3.71901374030156,4.94845040763685,3.64601455029462,"Precision for species","corolla_lab_lightness_median","full"
1007.35514075278,191.182016140342,685.653886590231,988.926842637472,1435.59116363657,951.984473676435,"Range for spatial","corolla_lab_lightness_median","full"
0.232821817021213,0.0219771649844305,0.192635868603378,0.231765892934119,0.279088495620173,0.229620109531254,"Stdev for spatial","corolla_lab_lightness_median","full"
1.20740448967434,0.00931995104671342,1.18909165553995,1.20739201799474,1.22578734934887,1.20741780965748,"Precision for the Gaussian observations","corolla_lab_chroma_median","climate"
5.08826893805925,0.749360246671591,3.76258854205135,5.03746212386867,6.70617840333798,4.94350675162163,"Precision for species","corolla_lab_chroma_median","climate"
1068.42634464271,224.695830962503,698.31127181218,1044.18633203273,1578.95890873179,995.600762531279,"Range for spatial","corolla_lab_chroma_median","climate"
0.175717255050733,0.0185917696760989,0.142031094232528,0.174719748866289,0.215149023524065,0.172700477187716,"Stdev for spatial","corolla_lab_chroma_median","climate"
1.20753914656868,0.00933042418006301,1.18886564324545,1.2076415503136,1.22559774111941,1.20816469329654,"Precision for the Gaussian observations","corolla_lab_chroma_median","climate_topography"
5.04403061711368,0.762431667092526,3.74292517020964,4.976471543606,6.7378043381739,4.82481986123751,"Precision for species","corolla_lab_chroma_median","climate_topography"
975.432371843919,245.911900635904,530.188650495494,961.931600548392,1479.02783504127,953.427494980499,"Range for spatial","corolla_lab_chroma_median","climate_topography"
0.168853716932261,0.0233832771748136,0.123180815320191,0.168689368479453,0.21426691169528,0.172063287509633,"Stdev for spatial","corolla_lab_chroma_median","climate_topography"
1.2072943172295,0.00932149538761935,1.18924438832956,1.20719107489881,1.22594621795514,1.20683659280337,"Precision for the Gaussian observations","corolla_lab_chroma_median","climate_soil"
4.90164567258571,0.745247106212743,3.42930319147998,4.90344269091033,6.31212590004009,5.05848266025099,"Precision for species","corolla_lab_chroma_median","climate_soil"
1057.22212333906,236.820948473748,607.468158090831,1052.31792907694,1515.3674661135,1072.87555146199,"Range for spatial","corolla_lab_chroma_median","climate_soil"
0.176276348108809,0.0182594319091305,0.141414756343803,0.175859005854605,0.213231329846563,0.176386189819992,"Stdev for spatial","corolla_lab_chroma_median","climate_soil"
1.20769645571396,0.00932264838759458,1.18911150978341,1.20777410991742,1.22581566332199,1.2081867516862,"Precision for the Gaussian observations","corolla_lab_chroma_median","full"
5.03677149340406,0.856962858815266,3.7554643833375,4.91145697591656,7.08663783843905,4.55139285874071,"Precision for species","corolla_lab_chroma_median","full"
1035.72522645719,247.072907326141,567.383465327001,1030.75544299307,1511.01815909199,1049.18916281079,"Range for spatial","corolla_lab_chroma_median","full"
0.176875274748828,0.0217749243141417,0.132766749154351,0.177280092255236,0.21703341507501,0.183156918196148,"Stdev for spatial","corolla_lab_chroma_median","full"
1.22998536830758,0.00952984272795167,1.21140473994428,1.22992293021032,1.24892700794331,1.22974331264071,"Precision for the Gaussian observations","corolla_hue_sin_median","climate"
3.31295613677608,0.458968302826888,2.49104250675123,3.28516433941626,4.29432772041664,3.23688853855312,"Precision for species","corolla_hue_sin_median","climate"
826.937852701799,169.783718596057,543.572130838068,809.835923008387,1209.10466290028,776.429340344627,"Range for spatial","corolla_hue_sin_median","climate"
0.173692796482867,0.0149665701498851,0.145878131937829,0.173126379479275,0.204758443458033,0.172154034254658,"Stdev for spatial","corolla_hue_sin_median","climate"
1.23000606130717,0.00953551194277786,1.21157515595156,1.22988925076071,1.24911948031139,1.2294789208617,"Precision for the Gaussian observations","corolla_hue_sin_median","climate_topography"
3.49242854596686,0.558776072234863,2.66184036417363,3.41000046781876,4.83039106348779,3.16395568678937,"Precision for species","corolla_hue_sin_median","climate_topography"
801.838680276111,159.396889648185,527.270029043716,788.611107237598,1152.06659640927,766.055490270153,"Range for spatial","corolla_hue_sin_median","climate_topography"
0.170094893349752,0.0149227268125018,0.141601958892194,0.16978660243147,0.200269061197693,0.169953215323405,"Stdev for spatial","corolla_hue_sin_median","climate_topography"
1.22971357837358,0.00956387459952042,1.21153824024666,1.22949531103062,1.24918355620834,1.22863362733777,"Precision for the Gaussian observations","corolla_hue_sin_median","climate_soil"
3.30488320228962,0.47615277952669,2.51243824278978,3.25676038691989,4.38068164195224,3.13343070598444,"Precision for species","corolla_hue_sin_median","climate_soil"
972.441967552196,215.812394120059,616.592033065769,949.322550268872,1461.88781488199,904.71582008265,"Range for spatial","corolla_hue_sin_median","climate_soil"
0.179495273754819,0.0172599352751041,0.147466580384925,0.178825675884973,0.215352657510869,0.177811989870861,"Stdev for spatial","corolla_hue_sin_median","climate_soil"
1.22958608045884,0.00953010885647263,1.21112169617781,1.22948405568024,1.24864488750093,1.22913713575124,"Precision for the Gaussian observations","corolla_hue_sin_median","full"
3.43273870082964,0.503509064844174,2.60972775068449,3.37763407488029,4.58283207401877,3.23018932020185,"Precision for species","corolla_hue_sin_median","full"
889.507460884474,190.94335247142,558.188823398548,874.454499021479,1305.54273314046,851.85458925584,"Range for spatial","corolla_hue_sin_median","full"
0.172474986644508,0.0162929200535568,0.141455328700221,0.172107989928053,0.205492559245335,0.172283448875397,"Stdev for spatial","corolla_hue_sin_median","full"
1.0624004750387,0.00816444890023926,1.04634926378671,1.06239256826427,1.07849537618673,1.06242748629048,"Precision for the Gaussian observations","corolla_hue_cos_median","climate"
19.8035173085116,3.94725411150044,13.0542874093589,19.4594237902053,28.528192818503,18.8450511659487,"Precision for species","corolla_hue_cos_median","climate"
2302.4972193509,1501.95875966823,445.001785703463,1949.99397087602,6093.1790399823,1234.63396685802,"Range for spatial","corolla_hue_cos_median","climate"
0.156191518740419,0.0478755352916805,0.0758865822914783,0.151441660942431,0.261527940594292,0.143667276357084,"Stdev for spatial","corolla_hue_cos_median","climate"
1.06263734457435,0.00808588085652806,1.04672646813941,1.06263419129154,1.07856404745256,1.06268821627397,"Precision for the Gaussian observations","corolla_hue_cos_median","climate_topography"
18.9712110046504,3.64979540986821,12.5082737947925,18.7222945918909,26.8191669018265,18.3991293023391,"Precision for species","corolla_hue_cos_median","climate_topography"
1011.597473178,785.339117865934,51.2292170426279,798.382142635903,2768.23392631117,120.178969597687,"Range for spatial","corolla_hue_cos_median","climate_topography"
0.110289967216689,0.040946707651835,0.0361999855011093,0.108545959873302,0.183196155783449,0.102202295214817,"Stdev for spatial","corolla_hue_cos_median","climate_topography"
1.06441614365136,0.00818259534572725,1.04855706659594,1.06433039243197,1.08077467152262,1.06403981913019,"Precision for the Gaussian observations","corolla_hue_cos_median","climate_soil"
18.6604789388378,3.80293334208192,12.3405991778726,18.2682748281825,27.2493809051951,17.4868470553575,"Precision for species","corolla_hue_cos_median","climate_soil"
971.294052199522,524.802042086371,245.772960887,869.45448887928,2237.61278120811,646.295497351878,"Range for spatial","corolla_hue_cos_median","climate_soil"
0.10204133299647,0.0275515201672895,0.0542964965778365,0.099801956867326,0.161326824852025,0.096886801127433,"Stdev for spatial","corolla_hue_cos_median","climate_soil"
1.06376917730607,0.0081780831367096,1.04819926528783,1.06359152703336,1.0803924276785,1.06289417245138,"Precision for the Gaussian observations","corolla_hue_cos_median","full"
18.5011245401939,3.76591605311468,12.5590335669843,18.0193662017269,27.3115328745941,16.8875255268786,"Precision for species","corolla_hue_cos_median","full"
1183.88469094401,523.996219427243,338.736907379498,1123.78653204824,2300.12483507318,932.615026992254,"Range for spatial","corolla_hue_cos_median","full"
0.115603396084586,0.0188765474800742,0.081588892416099,0.114425312073388,0.155952953799829,0.113088992069065,"Stdev for spatial","corolla_hue_cos_median","full"
1.00998508903487,0.00798627304027287,0.995047640119501,1.00972884083436,1.02646124730592,1.00866005086989,"Precision for the Gaussian observations","shape_aspect_ratio_median","climate"
27.8078493728178,7.42166674150601,16.0672264933248,26.8553503460059,45.0673651115209,25.0386659718142,"Precision for species","shape_aspect_ratio_median","climate"
10061.5591082356,9413.66710457889,1933.2202040713,7338.90262317155,35036.3310825933,4291.57576592132,"Range for spatial","shape_aspect_ratio_median","climate"
0.0662651643350227,0.0294094634969331,0.027604783737877,0.0602125817616318,0.140784671075679,0.049880774890747,"Stdev for spatial","shape_aspect_ratio_median","climate"
1.00982551735524,0.00791164717375345,0.994351777948662,1.00979019824476,1.02550262565506,1.00971052327887,"Precision for the Gaussian observations","shape_aspect_ratio_median","climate_topography"
28.0195749042391,7.5462133044317,16.2631007475096,26.9933487199036,45.7477339337497,24.9996163209984,"Precision for species","shape_aspect_ratio_median","climate_topography"
9122.01351742527,7821.80307127984,1652.46906965587,6920.22015499305,29890.5183720608,4038.47484811684,"Range for spatial","shape_aspect_ratio_median","climate_topography"
0.063121940007291,0.0286288693457111,0.0246326998535109,0.05745696111364,0.134792692718531,0.0476387999372631,"Stdev for spatial","shape_aspect_ratio_median","climate_topography"
1.01012307050874,0.00808805153243307,0.995397937424519,1.00974878801065,1.02714951332776,1.0080879305504,"Precision for the Gaussian observations","shape_aspect_ratio_median","climate_soil"
27.0970988576112,7.41492436976148,15.6058134267349,26.0699898216176,44.5697550609602,24.0761108840477,"Precision for species","shape_aspect_ratio_median","climate_soil"
10956.7913545621,7798.69227932719,2773.74665116059,8887.62275293521,31637.8188959397,6031.66917102665,"Range for spatial","shape_aspect_ratio_median","climate_soil"
0.0791210090258142,0.0367830790680781,0.0312399094674628,0.0714217853783763,0.172522011806939,0.0584535300318604,"Stdev for spatial","shape_aspect_ratio_median","climate_soil"
1.00979916180023,0.00791292460562019,0.994284358194113,1.00977712353959,1.02544018660987,1.00975240250402,"Precision for the Gaussian observations","shape_aspect_ratio_median","full"
27.4683869823385,7.32317834405083,15.8218280909781,26.5487986553921,44.4365543528711,24.8077669013995,"Precision for species","shape_aspect_ratio_median","full"
13766.0981199837,16746.8485005258,2480.33836669774,8848.54694465216,56550.7571139673,4682.0377149875,"Range for spatial","shape_aspect_ratio_median","full"
0.0766905912276544,0.037693115950454,0.0326260971002329,0.0677638070867913,0.175594380670919,0.0528565993639858,"Stdev for spatial","shape_aspect_ratio_median","full"
1.02686339554911,0.00805751701636777,1.01123699455556,1.02678221969182,1.04296212935117,1.02651149013907,"Precision for the Gaussian observations","shape_circularity_median","climate"
26.6849986611514,5.781002417461,16.6213516860265,26.2397256140296,39.239793899258,25.5966310618941,"Precision for species","shape_circularity_median","climate"
3139.85733293987,1213.91178468092,1346.16572414204,2945.91776096054,6048.04590972552,2587.74024016489,"Range for spatial","shape_circularity_median","climate"
0.116779125961624,0.0248644813069457,0.0736860970934676,0.114802538629329,0.171026763969892,0.111783517476555,"Stdev for spatial","shape_circularity_median","climate"
1.02700998883952,0.00805364014763934,1.01121960192924,1.02698744885924,1.04292947909335,1.02696188356087,"Precision for the Gaussian observations","shape_circularity_median","climate_topography"
27.2965706847608,6.0579347319174,17.5538339632939,26.5679983453659,41.2824217418383,25.0656368360551,"Precision for species","shape_circularity_median","climate_topography"
3047.7616792483,1141.78606343588,1473.1323396618,2832.9363831658,5893.40345580081,2441.36037846201,"Range for spatial","shape_circularity_median","climate_topography"
0.116450460043371,0.0224769134795114,0.0778482470337419,0.114543889633742,0.166001982798796,0.111146031703472,"Stdev for spatial","shape_circularity_median","climate_topography"
1.02665080528996,0.00805273810506151,1.01085869471983,1.02662946930246,1.04256500861994,1.02660890452986,"Precision for the Gaussian observations","shape_circularity_median","climate_soil"
26.5951549950817,5.84355343951145,16.97679157576,25.9632020708073,39.8680025688181,24.7298550621936,"Precision for species","shape_circularity_median","climate_soil"
3919.89475674511,1782.48371531636,1630.73962828196,3539.62548355209,8472.94838271372,2899.40530549891,"Range for spatial","shape_circularity_median","climate_soil"
0.122859532655909,0.0278547993041137,0.0780191301857661,0.119522461208854,0.187109437810167,0.112756394894487,"Stdev for spatial","shape_circularity_median","climate_soil"
1.02669696198555,0.00805330393912323,1.01091907736466,1.02667034834548,1.0426276435909,1.02662792288429,"Precision for the Gaussian observations","shape_circularity_median","full"
26.9604945605772,5.90273503520375,17.2150705764095,26.3319523399727,40.3385087621064,25.1134139328708,"Precision for species","shape_circularity_median","full"
3774.87868825372,1706.40534044037,1571.40423629475,3413.7392397124,8125.6042665533,2803.88531034588,"Range for spatial","shape_circularity_median","full"
0.123094681285996,0.027797276291638,0.078138557408408,0.119830456537904,0.187008281478817,0.113271134549056,"Stdev for spatial","shape_circularity_median","full"
1.03130532959392,0.00810209948231829,1.01569180039122,1.03119050122238,1.04759194314119,1.03077531534448,"Precision for the Gaussian observations","shape_solidity_median","climate"
39.8239551481207,10.0813791177033,25.0319981777723,38.2089334607338,64.2784280846489,34.5719673864367,"Precision for species","shape_solidity_median","climate"
1608.80083708762,809.484296555411,526.069776718865,1446.83016122153,3626.70691941412,1153.24756499658,"Range for spatial","shape_solidity_median","climate"
0.0733199798538153,0.0141189043155249,0.0483534445024452,0.0723608353442941,0.103664961562473,0.0710673027468395,"Stdev for spatial","shape_solidity_median","climate"
1.03130504647155,0.00811348871256304,1.01496636634603,1.03142826298512,1.04690149820872,1.03204062735582,"Precision for the Gaussian observations","shape_solidity_median","climate_topography"
40.436037567799,11.8699945869988,24.2569854510348,38.2131168098211,70.1507360398112,33.2625332246406,"Precision for species","shape_solidity_median","climate_topography"
1499.27234238591,648.103651104287,615.382326486652,1374.40805012605,3114.58530018266,1156.31139035124,"Range for spatial","shape_solidity_median","climate_topography"
0.0721526246790412,0.0121054160096995,0.0494905029418174,0.0717353652676748,0.0967892189023129,0.072224545728167,"Stdev for spatial","shape_solidity_median","climate_topography"
1.03109884117822,0.00809613225641083,1.01509612084856,1.03112016448792,1.04697290730342,1.03127940188627,"Precision for the Gaussian observations","shape_solidity_median","climate_soil"
39.8022492860685,9.59719752432003,25.1761362657987,38.409633945858,62.6565461388759,35.3487140499208,"Precision for species","shape_solidity_median","climate_soil"
1402.40285575232,735.521920015541,480.984010230889,1239.27138974529,3287.34541184415,972.067031165597,"Range for spatial","shape_solidity_median","climate_soil"
0.0701900739163076,0.0122944209500944,0.0487481548521683,0.0692557069574749,0.0969915339771627,0.0676181640246542,"Stdev for spatial","shape_solidity_median","climate_soil"
1.03150986463341,0.00813817472210928,1.01614292460663,1.03129308484587,1.04816966201191,1.03041467485256,"Precision for the Gaussian observations","shape_solidity_median","full"
40.3390873153299,10.4969514226678,25.7858124764702,38.4537496904702,66.4079358198626,33.9534873976084,"Precision for species","shape_solidity_median","full"
1295.82258932281,779.653205962154,346.007987665735,1115.81856066607,3296.0355592369,809.211562449824,"Range for spatial","shape_solidity_median","full"
0.0668007086108932,0.0127198365231499,0.0413771597623294,0.0669962861769881,0.0899059681546283,0.0698151043139559,"Stdev for spatial","shape_solidity_median","full"
1.02099279102987,0.00806061985354798,1.0045621157189,1.02118258761047,1.03626937050864,1.02211347853765,"Precision for the Gaussian observations","shape_width_cv_median","climate"
45.4845426641086,12.8922329845373,28.1905301189053,43.0118306734683,77.9126816403476,37.3071768904034,"Precision for species","shape_width_cv_median","climate"
2127.09934207196,934.64374728289,838.043042340565,1951.27990743944,4440.38110567703,1638.79049073185,"Range for spatial","shape_width_cv_median","climate"
0.0804198493066905,0.0139305549984591,0.055283009261684,0.0796390328604707,0.109885386593499,0.0788327141190993,"Stdev for spatial","shape_width_cv_median","climate"
1.02104405700101,0.0080059528104799,1.00544573786512,1.02098778829998,1.03696797027711,1.02082170431068,"Precision for the Gaussian observations","shape_width_cv_median","climate_topography"
45.3921221613462,11.9152926523012,27.7780937277746,43.5088489308934,74.2076348733724,39.4228868852364,"Precision for species","shape_width_cv_median","climate_topography"
2034.71238026657,1097.2854247057,433.564534117854,1847.82140491509,4532.4720221266,1285.47807808996,"Range for spatial","shape_width_cv_median","climate_topography"
0.0823935754890331,0.0195907730987878,0.0452994632759285,0.0819855133056242,0.120155306031804,0.0834150134467825,"Stdev for spatial","shape_width_cv_median","climate_topography"
1.02102340716049,0.0080114363023488,1.00537131994478,1.02098185340198,1.03691510411607,1.02087727046614,"Precision for the Gaussian observations","shape_width_cv_median","climate_soil"
45.3505448428209,13.1892962195473,27.0856940950123,42.9485074273592,78.1665595309719,37.6592099382081,"Precision for species","shape_width_cv_median","climate_soil"
2417.5110481898,1291.01597156512,633.064959052005,2167.78533820057,5543.56217568709,1633.50688930754,"Range for spatial","shape_width_cv_median","climate_soil"
0.0881288374419135,0.0185315282653734,0.0538635706584195,0.0873496639121863,0.125811874814841,0.0876405445599394,"Stdev for spatial","shape_width_cv_median","climate_soil"
1.0208566201233,0.00800835930456627,1.00520078550576,1.02081843806458,1.03673244109612,1.02072780427431,"Precision for the Gaussian observations","shape_width_cv_median","full"
45.885464378183,11.7312803941484,27.8126853498792,44.2303548282072,73.6591842054229,40.8251564556037,"Precision for species","shape_width_cv_median","full"
2777.49074459865,1536.36048815317,675.711433154407,2472.3193356333,6497.5910882308,1801.06663046034,"Range for spatial","shape_width_cv_median","full"
0.0935793042901597,0.0216210662432484,0.0547765038978272,0.0922740610560765,0.138887301492545,0.0914168141272794,"Stdev for spatial","shape_width_cv_median","full"
