scope,taxon_name,PC1,PC2,PC3
all_inferential_endpoints,Cirsium acantholepis,-2.7450772160735846,-1.96905958914974,-0.5507442368456305
all_inferential_endpoints,Cirsium acaulon,1.1947770381522238,2.602973102272324,-1.5455108189600635
all_inferential_endpoints,Cirsium acrolepis,1.1154345150897917,0.13592905568578667,-0.9363123781865809
all_inferential_endpoints,Cirsium alsophilum,0.07514771266642477,1.4795772500521418,-0.6320774375778212
all_inferential_endpoints,Cirsium altissimum,0.3402325035899162,0.816428472907591,0.6243570283600941
all_inferential_endpoints,Cirsium andersonii,-1.3024497514806035,1.6975653876759516,-1.5239374566775818
all_inferential_endpoints,Cirsium arachnoideum,5.1113666892808185,0.9883018381798931,0.48045474638082303
all_inferential_endpoints,Cirsium arctorhaphis,2.4648319696507235,-1.5107157274843648,-1.696478181884588
all_inferential_endpoints,Cirsium arizonicum,-0.5762897912229555,1.4463263444663716,-0.3154053759012159
all_inferential_endpoints,Cirsium arvense,0.24850707903918015,0.8341350674430473,0.9042915706365688
all_inferential_endpoints,Cirsium barnebyi,0.4375498599682927,0.9453821044455025,-0.5008317187581378
all_inferential_endpoints,Cirsium bertolonii,3.9586049041872684,-4.700285491594285,-1.1955845866666788
all_inferential_endpoints,Cirsium borealinipponense,-1.401018925639259,1.1785627959280323,-2.3635347594447653
all_inferential_endpoints,Cirsium brachycephalum,-2.458209999387725,-0.14024507103980952,0.018180565398446417
all_inferential_endpoints,Cirsium brevifolium,-2.4231568043468203,-0.9590010104874656,1.3023653831134312
all_inferential_endpoints,Cirsium brevistylum,0.46229411333491055,-0.7296634240653123,1.175695394542835
all_inferential_endpoints,Cirsium candelabrum,-0.627991365913611,-2.2357820623360762,0.25781491259731915
all_inferential_endpoints,Cirsium canescens,-1.652283893008228,-1.4191814102870859,1.4047782491216354
all_inferential_endpoints,Cirsium canum,1.048797647111318,0.08463593771873193,-1.3254532179199678
all_inferential_endpoints,Cirsium carniolicum,-0.26612735669786325,0.2420048184560515,1.8230445173812437
all_inferential_endpoints,Cirsium carolinianum,0.1893864077143407,2.195269923217474,-0.6598004272588934
all_inferential_endpoints,Cirsium centaureae,-2.013515455336457,0.5870857518718339,1.4931125976281694
all_inferential_endpoints,Cirsium charkeviczii,-3.0502147143385256,-0.28146313930605754,-0.29187080527742554
all_inferential_endpoints,Cirsium ciliatum,-1.1016616846389835,0.47767586324901035,-0.031653458544215266
all_inferential_endpoints,Cirsium clavatum,-0.015329762995027344,0.06209784002670954,2.3768317487244843
all_inferential_endpoints,Cirsium coloradense,-0.02326407198209969,-1.874124833430839,1.107068972810575
all_inferential_endpoints,Cirsium consociatum,-1.2157042668354927,-0.7865842801998919,-1.630445494621879
all_inferential_endpoints,Cirsium conspicuum,-0.6821411200709425,0.9640485554076956,-1.1527977031747165
all_inferential_endpoints,Cirsium coryletorum,0.9114293709877479,-0.5330240432954089,2.886916530677083
all_inferential_endpoints,Cirsium culebraense,1.4209609500576013,-3.069522895629655,0.07014488327493508
all_inferential_endpoints,Cirsium cymosum,-2.054246260435188,-0.44642096801422193,2.0970473170016004
all_inferential_endpoints,Cirsium discolor,-0.20024139483639264,0.15168870770356369,-0.06939714155205355
all_inferential_endpoints,Cirsium dissectum,-1.1552398681575153,1.3596572024174913,-2.5434635002069474
all_inferential_endpoints,Cirsium douglasii,-3.9525661537610386,0.10568923069886987,1.644865804633997
all_inferential_endpoints,Cirsium drummondii,0.9073454245235452,0.19106789736379987,-2.0865741071599615
all_inferential_endpoints,Cirsium eatonii,-1.329531365225628,-1.4425417540138006,-0.6521186234312887
all_inferential_endpoints,Cirsium echinus,-0.2453297500542346,-0.6403684171449305,2.0012776423187955
all_inferential_endpoints,Cirsium edule,-0.7627316568507231,0.5990876204588671,0.09808224486244588
all_inferential_endpoints,Cirsium ehrenbergii,-0.2579743501925821,0.3791304043762663,-0.2797297117584138
all_inferential_endpoints,Cirsium engelmannii,1.4311649401946933,-0.10453339365409564,0.06665639066807671
all_inferential_endpoints,Cirsium erisithales,0.4457793382056896,0.13062297821893876,1.8982361389013063
all_inferential_endpoints,Cirsium erythrolepis,1.258302701367208,0.4747031089081347,1.4042687180905433
all_inferential_endpoints,Cirsium esculentum,-1.2990652614761662,0.5643698831092149,0.5782086104479413
all_inferential_endpoints,Cirsium ferum,1.9894441905472011,1.3698564783816514,1.4466408136971132
all_inferential_endpoints,Cirsium filipendulum,-1.3855121587606425,0.7613606204459271,-1.5275358031883575
all_inferential_endpoints,Cirsium flodmanii,-0.38313719193052515,0.40530499843240797,-1.3875176609415993
all_inferential_endpoints,Cirsium foliosum,0.9012285816150651,-1.1212613591132952,0.18159754292762603
all_inferential_endpoints,Cirsium glabrum,0.23031785680683228,-2.599496674051009,0.3962357719493555
all_inferential_endpoints,Cirsium grahamii,-0.42009596112047376,-0.37563350886610286,-4.144397364366192
all_inferential_endpoints,Cirsium greimleri,2.424460631139964,0.5151854297252283,-0.5177894461204964
all_inferential_endpoints,Cirsium hachimantaiense,-0.18000542038699027,-0.3326289408558122,-1.9546263606656642
all_inferential_endpoints,Cirsium helenioides,1.037123433428071,0.26182034875503524,-0.8671909142322693
all_inferential_endpoints,Cirsium heterophyllum,0.6767677050136451,0.4532391172219398,-2.1697926988393967
all_inferential_endpoints,Cirsium hidakamontanum,-2.2722281944959692,-1.1412544631051067,-2.7338388599254198
all_inferential_endpoints,Cirsium hookerianum,0.06827627728060463,-0.16895844993905332,2.512068016363649
all_inferential_endpoints,Cirsium horridulum,-0.9070942360287805,-0.7233107340413744,-0.03395344334404633
all_inferential_endpoints,Cirsium hygropodum,-3.7543779611423074,-0.9420979698328821,-3.172756997680749
all_inferential_endpoints,Cirsium hypoleucum,-2.3709978537402456,1.7062492392861595,-1.8127356478242238
all_inferential_endpoints,Cirsium inamoenum,-3.7518516769997503,0.533231987510478,1.4087850877696764
all_inferential_endpoints,Cirsium jaliscoense,2.167008034986525,-0.1313741673048573,1.0598276413000771
all_inferential_endpoints,Cirsium japonicum,2.6015100324291565,0.38062220723648055,-0.8305974333507956
all_inferential_endpoints,Cirsium kamtschaticum,0.3020665590575913,0.0018434602053491688,0.6442269883448046
all_inferential_endpoints,Cirsium laniflorum,-2.1038287382902703,0.9138556648215682,1.1446477050958346
all_inferential_endpoints,Cirsium longistylum,2.484136295367014,1.2247845978461747,2.64807539158009
all_inferential_endpoints,Cirsium maackii,2.9833182239379297,-0.591322316436281,-2.5971146588903187
all_inferential_endpoints,Cirsium maritimum,3.9301202501986108,3.1357584817989985,1.7840464518332826
all_inferential_endpoints,Cirsium mexicanum,0.5404173968459208,0.24336445942704718,-0.0727629785858346
all_inferential_endpoints,Cirsium mohavense,-0.8158616756925827,-1.1320486336270261,0.916658142995842
all_inferential_endpoints,Cirsium monspessulanum,0.16532172265700304,0.37730030634885736,-0.7763249419816931
all_inferential_endpoints,Cirsium morinifolium,0.5590875778360229,-2.4333132490181715,2.2732764131775136
all_inferential_endpoints,Cirsium muticum,0.723974154930008,1.1471765444128048,-0.8274359843413487
all_inferential_endpoints,Cirsium neomexicanum,-1.465674299079863,-0.3212819282882559,0.3619341936002386
all_inferential_endpoints,Cirsium nivale,-3.4326043547045915,-1.4250954136931746,0.021361835763881166
all_inferential_endpoints,Cirsium norikurense,2.1656372665854438,-3.158808736590888,-0.5093656598673109
all_inferential_endpoints,Cirsium novoleonense,3.7670954069455607,-0.9805913658145252,-1.6267229172737372
all_inferential_endpoints,Cirsium nuttallii,-1.4344607599241184,-1.0637332712003287,1.6384219118144745
all_inferential_endpoints,Cirsium obvallatum,0.03807535525823369,-0.43419085985528866,1.909752663681124
all_inferential_endpoints,Cirsium occidentale,-0.5651551508039026,0.34352952763901085,-0.26606651488786365
all_inferential_endpoints,Cirsium ochrocentrum,-0.8089972151174712,-0.2716336468117093,0.8419026294407698
all_inferential_endpoints,Cirsium oleraceum,0.45269159509806417,-0.15890526770123373,1.9960400188034977
all_inferential_endpoints,Cirsium oligophyllum,3.8985718522172266,0.9042585208135092,-1.19809452897258
all_inferential_endpoints,Cirsium pacificum,3.9510836014595596,-0.20781569252201018,1.051984562579178
all_inferential_endpoints,Cirsium palustre,-0.0924078449628142,1.2013946315586854,-0.6177291587825846
all_inferential_endpoints,Cirsium pannonicum,1.439320042233759,-0.22764005157993422,-3.4338239549026945
all_inferential_endpoints,Cirsium parryi,-0.164200662465855,-0.5545398460936688,1.3709219822110004
all_inferential_endpoints,Cirsium pendulum,0.09089115315981564,0.7537913857774767,0.44831233285897826
all_inferential_endpoints,Cirsium perplexans,-3.962191244733553,1.6407757534246075,-0.06606649322774258
all_inferential_endpoints,Cirsium phyllocephalum,-1.1894429996310991,0.12531280894501823,-0.319699086349283
all_inferential_endpoints,Cirsium pinetorum,-0.3423416613055442,1.8357022123494762,0.6353893004023105
all_inferential_endpoints,Cirsium pitcheri,3.0300639915824585,-4.781558960130966,0.5904058667619508
all_inferential_endpoints,Cirsium pugnax,-1.005020732050955,-0.016900542025659254,0.7587971994522932
all_inferential_endpoints,Cirsium pulcherrimum,-1.527070368716741,-0.02593261910577579,1.5479020160358363
all_inferential_endpoints,Cirsium pumilum,-0.5431330089198695,-0.3872327125634419,-1.5649810884556106
all_inferential_endpoints,Cirsium purpuratum,-1.0131463544584003,2.0341927046706467,-1.484335222333588
all_inferential_endpoints,Cirsium remotifolium,-2.1687766956393197,0.12704142350018888,1.878120244446806
all_inferential_endpoints,Cirsium repandum,-1.6824089004118368,1.0429852058722306,0.362459050340927
all_inferential_endpoints,Cirsium rhaphilepis,2.604202072331206,1.0268330708296736,-0.2747095781328996
all_inferential_endpoints,Cirsium rhizocephalum,1.0682393628291798,1.1232260551317483,3.368294915021834
all_inferential_endpoints,Cirsium rivulare,1.185786570076541,1.0291074363882562,-1.70587573133738
all_inferential_endpoints,Cirsium rupinarum,0.17089772888128663,-5.5366319219447115,-0.7931148730044151
all_inferential_endpoints,Cirsium scariosum,-1.1511415963663072,-0.8722571587550458,1.0209695435493726
all_inferential_endpoints,Cirsium schantarense,3.7023797997081935,-0.25706774564493434,-0.17969975467596186
all_inferential_endpoints,Cirsium semenowii,-0.07141746483156731,-0.15785338933507373,1.1349346644346108
all_inferential_endpoints,Cirsium serratuloides,1.8188593807820135,0.688175171615212,0.05742640872163701
all_inferential_endpoints,Cirsium serrulatum,-2.1726668851330104,-0.21535786403322574,-0.29291574357289507
all_inferential_endpoints,Cirsium setidens,-0.9138403735613773,4.894168576404518,0.12334578169633359
all_inferential_endpoints,Cirsium simplex,0.9271397136346562,0.5588673791406733,-1.4268887299930613
all_inferential_endpoints,Cirsium sorocephalum,-1.5560233800109327,-0.266407505258916,-0.6372828478995275
all_inferential_endpoints,Cirsium souliei,-0.6010679848495273,-3.9488968243692617,-3.273067108822797
all_inferential_endpoints,Cirsium spinosissimum,-1.0347417319743586,-1.2613399106362313,1.1132246956653864
all_inferential_endpoints,Cirsium subcoriaceum,0.4703311621992846,0.1308476127343255,0.8472235734073449
all_inferential_endpoints,Cirsium subuliforme,2.5077137916947665,1.3890358327679209,2.938336045899356
all_inferential_endpoints,Cirsium suzukii,0.651384651384346,2.0374444541616326,-0.5205164102130047
all_inferential_endpoints,Cirsium tatakaense,-2.474041185308044,-1.1709854488998874,0.7172187768855728
all_inferential_endpoints,Cirsium texanum,0.49116615304110145,0.044993537506659534,-0.96747863753251
all_inferential_endpoints,Cirsium townsendii,-1.9981564908909424,0.768812788853524,-1.7690749328510043
all_inferential_endpoints,Cirsium tracyi,-1.9500641615030427,0.2312057453739972,0.7227379198616888
all_inferential_endpoints,Cirsium tuberosum,1.0187225229147643,0.5271918685053439,-1.2140113454041048
all_inferential_endpoints,Cirsium turneri,-0.3748308434310112,-1.339141947920829,-0.28118089007151603
all_inferential_endpoints,Cirsium ukranicum,-0.5818050023113827,-0.20720284304785638,-0.316709336956521
all_inferential_endpoints,Cirsium undulatum,-0.7606108516592354,-0.39471121830231654,0.6826624245957388
all_inferential_endpoints,Cirsium velatum,-0.8002270178853448,-0.4494478800145053,2.3380279300446003
all_inferential_endpoints,Cirsium vlassovianum,2.5438772251191035,1.949538029073366,-0.5148190239333332
all_inferential_endpoints,Cirsium vulgare,-0.39651506399531017,-0.03725014875850436,-0.1521313180090095
all_inferential_endpoints,Cirsium waldsteinii,-0.8130236578798422,2.581960327372405,-1.202946363318574
all_inferential_endpoints,Cirsium wallichii,2.2110776236884617,-0.4834781985258041,1.2911158564948018
all_inferential_endpoints,Cirsium wheeleri,3.191859142039432,2.0337457522222673,0.12038930778988785
module:armature,Cirsium acantholepis,-0.6178298353533695,-1.3973001601579524,
module:armature,Cirsium acaulon,0.34548913741645154,-0.1650777703261989,
module:armature,Cirsium acrolepis,1.0723997267559724,-0.406219482409627,
module:armature,Cirsium alsophilum,-1.8649685095212143,1.2028007683530788,
module:armature,Cirsium altissimum,0.10663556894614734,-0.25167804714589737,
module:armature,Cirsium andersonii,-0.31417072513533006,0.1735663029644283,
module:armature,Cirsium arachnoideum,2.8178268947879674,3.374964731261783,
module:armature,Cirsium arctorhaphis,0.5212812649847791,0.6157470456314631,
module:armature,Cirsium arizonicum,-0.21114895824257607,-0.19031694307646183,
module:armature,Cirsium arvense,0.3566359037173416,-0.15393100402531082,
module:armature,Cirsium barnebyi,1.02725711541444,-1.023392999137436,
module:armature,Cirsium bertolonii,0.5192170701688722,-0.7424248990226133,
module:armature,Cirsium borealinipponense,1.0442625044719478,-0.8884430935054439,
module:armature,Cirsium brachycephalum,-1.1927976550163626,-0.3832932426368184,
module:armature,Cirsium brevifolium,-3.0514362232578613,0.9757420319195309,
module:armature,Cirsium brevistylum,-0.29525755310556917,0.6241418647964422,
module:armature,Cirsium candelabrum,0.07554999473483373,-0.034280976542157136,
module:armature,Cirsium canescens,-0.7919548566852777,-0.5641767887663605,
module:armature,Cirsium canum,0.4605898979927765,-0.11847127635999105,
module:armature,Cirsium carniolicum,-0.3194071712714929,0.3368746771652881,
module:armature,Cirsium carolinianum,0.5989619028007617,-0.352833851247732,
module:armature,Cirsium centaureae,0.1250375806238883,-1.8672420333783708,
module:armature,Cirsium charkeviczii,-1.1822180675469596,-0.2598128185780194,
module:armature,Cirsium ciliatum,-0.011659138211854858,-0.12417822464573697,
module:armature,Cirsium clavatum,-0.704474103581331,0.23703744081043146,
module:armature,Cirsium coloradense,-0.26536368060618687,-0.0028332642957946846,
module:armature,Cirsium consociatum,-0.13622294378903202,-0.8282996580484826,
module:armature,Cirsium conspicuum,-1.1166222987936891,0.5509284716652815,
module:armature,Cirsium coryletorum,1.8362073531837728,-0.3826871453052473,
module:armature,Cirsium culebraense,0.5672495705182635,0.27257138816791004,
module:armature,Cirsium cymosum,-0.9710003742651976,-0.36429053180989274,
module:armature,Cirsium discolor,-0.2531370950293463,-0.1288693545057132,
module:armature,Cirsium dissectum,-0.29280331202733584,0.026388895735391885,
module:armature,Cirsium douglasii,-2.5451627947810094,0.6588895936341379,
module:armature,Cirsium drummondii,-0.47792535518714235,-0.018732207950921044,
module:armature,Cirsium eatonii,-0.21014623174824562,-0.34508867878252136,
module:armature,Cirsium echinus,-0.29802367919981115,-0.5687383426166883,
module:armature,Cirsium edule,0.04808569148321417,-0.599469749479667,
module:armature,Cirsium ehrenbergii,-0.7776677456480119,0.29997615363135227,
module:armature,Cirsium engelmannii,1.413737545284376,-0.6369125692675012,
module:armature,Cirsium erisithales,0.3197390190599409,-0.09529641156861113,
module:armature,Cirsium erythrolepis,1.855306743751548,-0.9480156147296512,
module:armature,Cirsium esculentum,-0.11261734309751877,-0.33276856041328556,
module:armature,Cirsium ferum,1.695586861546211,0.8793192270384096,
module:armature,Cirsium filipendulum,-1.4796723650627785,0.597136288924589,
module:armature,Cirsium flodmanii,0.4812155089130286,-0.7199797970104819,
module:armature,Cirsium foliosum,1.4014095106717188,-0.5289979241933914,
module:armature,Cirsium glabrum,-0.05148965359687472,-0.2595402171448583,
module:armature,Cirsium grahamii,1.0443723403073846,-0.9881098235289619,
module:armature,Cirsium greimleri,1.0013600468100123,-0.4057552991822969,
module:armature,Cirsium hachimantaiense,-0.030020587526933522,-0.18927819233384632,
module:armature,Cirsium helenioides,0.40181755989733586,0.005442514194677995,
module:armature,Cirsium heterophyllum,0.0538301472390564,-0.16632107007671082,
module:armature,Cirsium hidakamontanum,-0.6934805508995395,-1.0129845044139782,
module:armature,Cirsium hookerianum,0.8380740277955556,-0.7615517190479114,
module:armature,Cirsium horridulum,0.09576396714057446,-0.6837063576640101,
module:armature,Cirsium hygropodum,-0.4112812913943298,-1.889900500559925,
module:armature,Cirsium hypoleucum,-1.4772096038245968,-0.03986639285034961,
module:armature,Cirsium inamoenum,-0.29984608621468906,-1.4472895080513803,
module:armature,Cirsium jaliscoense,0.691177477557338,0.1806105698146847,
module:armature,Cirsium japonicum,-0.26082268440906115,0.24761283039875073,
module:armature,Cirsium kamtschaticum,1.0620513631790924,-0.6389370028880373,
module:armature,Cirsium laniflorum,-1.192585013794295,0.025512902432592053,
module:armature,Cirsium longistylum,1.0220644790972044,3.7383385760976866,
module:armature,Cirsium maackii,1.5871535679041253,0.10853435873852459,
module:armature,Cirsium maritimum,0.43312834864874056,3.552757571242109,
module:armature,Cirsium mexicanum,-0.3235862101753967,0.23355162629842718,
module:armature,Cirsium mohavense,-0.646496024752213,-0.6809716367130964,
module:armature,Cirsium monspessulanum,0.16993925321699213,-0.5999273781210946,
module:armature,Cirsium morinifolium,-0.32623365007628274,-0.5463848673920488,
module:armature,Cirsium muticum,0.14143099038900037,-0.16720625760370847,
module:armature,Cirsium neomexicanum,-0.5765766993066729,-0.2573844915439444,
module:armature,Cirsium nivale,-0.2798664275937535,-1.7731189855017861,
module:armature,Cirsium norikurense,1.513629454698028,0.25198748550654015,
module:armature,Cirsium novoleonense,-0.3839622473742635,1.6090543830458586,
module:armature,Cirsium nuttallii,-0.9707916816043944,-0.16128726922485065,
module:armature,Cirsium obvallatum,0.3878882939479714,-0.7631970903593454,
module:armature,Cirsium occidentale,-0.42252745946056525,-0.04471096636322358,
module:armature,Cirsium ochrocentrum,-1.1314341096484468,0.5361166608105231,
module:armature,Cirsium oleraceum,0.42903150392655764,-0.08153540381609503,
module:armature,Cirsium oligophyllum,2.1447320887062986,-1.8508231041589414,
module:armature,Cirsium pacificum,1.7984639499676296,3.016561866194509,
module:armature,Cirsium palustre,0.1661107223459771,-0.20209555283447564,
module:armature,Cirsium pannonicum,-0.23664034723103247,-0.5561443007454723,
module:armature,Cirsium parryi,0.26315386363782606,0.20217646347301688,
module:armature,Cirsium pendulum,1.1991211102321973,-0.4162880980475098,
module:armature,Cirsium perplexans,-2.6543532809932393,0.46527594160013647,
module:armature,Cirsium phyllocephalum,1.0094494209697042,-1.517893114737413,
module:armature,Cirsium pinetorum,-0.2538266861963908,0.5730470856584361,
module:armature,Cirsium pitcheri,1.0700224641652902,2.507365675139531,
module:armature,Cirsium pugnax,-1.0105248970812926,0.4034539645721075,
module:armature,Cirsium pulcherrimum,-0.4567287182204117,-0.4912043301812957,
module:armature,Cirsium pumilum,-0.04357203090018901,-0.7708670658270871,
module:armature,Cirsium purpuratum,0.7751109308594719,-0.8402982774202342,
module:armature,Cirsium remotifolium,-1.46593481082715,0.201615959631821,
module:armature,Cirsium repandum,-0.5726956006928962,-0.3426190450623923,
module:armature,Cirsium rhaphilepis,1.2568376332722693,0.6543670260274388,
module:armature,Cirsium rhizocephalum,-1.0848347527957036,1.2568952990113809,
module:armature,Cirsium rivulare,0.8673102953576642,0.0025779114846615904,
module:armature,Cirsium rupinarum,-1.046437981925964,0.94657864849416,
module:armature,Cirsium scariosum,0.06911675184587038,-0.5759018644277432,
module:armature,Cirsium schantarense,0.5859801499120102,2.1976082150056886,
module:armature,Cirsium semenowii,-0.787726710388722,0.6496165005855233,
module:armature,Cirsium serratuloides,-0.16767290357903147,-0.3681605585221481,
module:armature,Cirsium serrulatum,-1.0322427157854468,-0.41341527186800514,
module:armature,Cirsium setidens,2.038574278322367,0.26031983300204403,
module:armature,Cirsium simplex,-0.8278111487321778,1.2330108691798551,
module:armature,Cirsium sorocephalum,-0.21781884994679665,-0.7283857576894477,
module:armature,Cirsium souliei,-0.7040554917938421,-0.6095897111471548,
module:armature,Cirsium spinosissimum,0.3307890620243109,-0.8551631722924853,
module:armature,Cirsium subcoriaceum,0.7616064531567551,-0.26755990177676015,
module:armature,Cirsium subuliforme,2.0288887206211403,1.99441310866025,
module:armature,Cirsium suzukii,-0.15144415228479505,0.6580602600947464,
module:armature,Cirsium tatakaense,-1.1123325489061082,0.020962941993971126,
module:armature,Cirsium texanum,-0.6836849371050792,-0.01395536364139949,
module:armature,Cirsium townsendii,0.04098485807428781,-1.1001142000204784,
module:armature,Cirsium tracyi,-2.0017737900693264,0.3399562617377606,
module:armature,Cirsium tuberosum,0.12964900074534433,0.2241147813920294,
module:armature,Cirsium turneri,0.24450791899965071,-0.15261535966999845,
module:armature,Cirsium ukranicum,0.8396490159253275,-0.4219929532661587,
module:armature,Cirsium undulatum,0.029972561027145506,-0.7494977637774388,
module:armature,Cirsium velatum,-1.9909359767888999,1.6787229625220617,
module:armature,Cirsium vlassovianum,-1.2562832161766888,1.4599908808237991,
module:armature,Cirsium vulgare,-0.26059427614666963,-0.16612849549998354,
module:armature,Cirsium waldsteinii,-0.533490660506446,-0.21429845274371773,
module:armature,Cirsium wallichii,0.16886125092436896,-0.05128996639139851,
module:armature,Cirsium wheeleri,2.1440267928149526,0.39702322050578953,
module:colour,Cirsium acantholepis,-1.3158769030565558,0.13775032143190657,0.03710641703312929
module:colour,Cirsium acaulon,2.9301313442193395,0.7793383307545817,-0.9577767375979803
module:colour,Cirsium acrolepis,0.8335021056221954,-0.4202159633636657,0.15066096264506526
module:colour,Cirsium alatum,0.04285083343650705,0.19348207651679875,-0.27981744221529875
module:colour,Cirsium alberti,-2.2351196489557337,0.755785810063079,0.49899202865249115
module:colour,Cirsium alsophilum,1.489663725309086,-0.006633625707780421,0.8135537503785281
module:colour,Cirsium altissimum,0.11532919343463746,1.0247820702373232,-0.2406592049572259
module:colour,Cirsium anartiolepis,1.1844461222284515,-1.2448743640853563,-0.6261225585044491
module:colour,Cirsium andersonii,1.2457968656734473,-0.7155329654899228,-0.30777537186449183
module:colour,Cirsium andrewsii,0.6478214863942326,0.01703510273973155,-0.22916307113793571
module:colour,Cirsium aomorense,2.4751190475615936,2.1268650320359272,-1.5654508862700758
module:colour,Cirsium appendiculatum,2.236166739930402,1.3048804836877121,-0.419967503376199
module:colour,Cirsium arachnoideum,0.15956824450626794,0.6327451289253762,1.019472736172625
module:colour,Cirsium arctorhaphis,1.3836527154063527,0.32600512751434424,-0.47223399616703016
module:colour,Cirsium argillosum,-1.0575516164839591,-0.6120049651807086,0.36020921613761053
module:colour,Cirsium argyracanthum,-0.24583872403924603,-0.8156931769893854,0.36933103718816873
module:colour,Cirsium arisanense,-0.23484143796015253,-1.2991508382574923,0.3312030371604789
module:colour,Cirsium arizonicum,0.7317977962153358,-1.164454697698403,-0.47088767380309743
module:colour,Cirsium arvense,-0.42236058081582273,0.15650939415975848,-0.003515387732704711
module:colour,Cirsium babanum,1.324698107495167,-2.1367236960410554,0.9943772865648697
module:colour,Cirsium barnebyi,0.9252053559093228,-0.2084567986952599,1.6022994481271209
module:colour,Cirsium bertolonii,-0.0293889496465389,0.3936908124798741,-0.7244671407120591
module:colour,Cirsium bicentenariale,0.9233959921047575,-1.0631493858802645,-0.9272958064004472
module:colour,Cirsium boninense,-2.633268810633443,-0.0028147431736566617,-0.32253305493936524
module:colour,Cirsium borealinipponense,1.6173398792257627,-1.0771421905005827,0.9485769603782492
module:colour,Cirsium botryodes,-1.6578707135090232,-1.0583697461669967,0.43202097043385834
module:colour,Cirsium brachycephalum,-0.7053767019279086,-0.766737901680426,0.0895076776617368
module:colour,Cirsium bracteosum,-1.0670806564035282,-0.006914095258962312,-0.03273378884329302
module:colour,Cirsium brevicaule,-2.5700545081371686,0.9058255364336747,-0.14252625113100012
module:colour,Cirsium brevifolium,-1.3222020541194088,0.5927607608688369,-0.7231676209696369
module:colour,Cirsium brevistylum,-0.7070159780991724,0.7990360933809252,-0.5427220335994999
module:colour,Cirsium buergeri,0.5059043495711427,1.8092486533910352,1.9247865390912802
module:colour,Cirsium calcareum,-0.4100370628504835,-1.0216790579344652,-0.44176690953107184
module:colour,Cirsium candelabrum,-0.6910397901115699,0.6126614054373364,-0.4105590132689975
module:colour,Cirsium canescens,-1.9815612478063538,0.08824741223215046,-0.3811352107646787
module:colour,Cirsium canum,1.2067545321666975,0.938946323356881,-0.49881200050057634
module:colour,Cirsium carniolicum,-1.0699171328005246,1.6455498158072088,-1.4258294329534216
module:colour,Cirsium carolinianum,1.1419553252091788,0.5495932352419224,-0.4455124981299423
module:colour,Cirsium centaureae,-1.4833974124668847,-0.165397000574423,-0.18831018398447746
module:colour,Cirsium cephalotes,1.2556857237988353,-0.08846471561300726,-0.25933341757177647
module:colour,Cirsium chanroenicum,-1.9602861613744733,1.000390018061749,-0.3200691597579121
module:colour,Cirsium charkeviczii,-0.062122917327393425,-1.9042085183818638,0.6377070399024153
module:colour,Cirsium chellyense,-1.0492885112656012,-1.110321709045946,0.3327949834579292
module:colour,Cirsium chinense,-0.435130586375736,-0.20285413141291267,-0.3354146613282172
module:colour,Cirsium chionanthum,-2.0828105208609577,1.682602620987587,0.5193211344722053
module:colour,Cirsium chlorocomos,-1.543884358783496,0.03662742788120492,-0.029885270098792906
module:colour,Cirsium chokaiense,2.3268307122744196,-1.2317956115626574,1.758998016325208
module:colour,Cirsium ciliatum,0.04936470686305285,0.03585938387173694,-0.45819942135438296
module:colour,Cirsium ciliolatum,-2.022286467357543,-0.2123054256606679,0.06175464607057963
module:colour,Cirsium clavatum,-2.131735244064749,-0.10517193306740331,0.008256653041094561
module:colour,Cirsium clokeyi,-0.7520382754541725,0.16547481172541798,0.22120174705336892
module:colour,Cirsium coahuilense,-1.6453989459490066,-1.2802897039497683,0.32652899223971815
module:colour,Cirsium coloradense,-1.5399358739697144,0.042926357767913634,-0.24745547756473762
module:colour,Cirsium confertissimum,-1.3706638661785726,-1.0451077576973524,0.28228022585787144
module:colour,Cirsium consociatum,1.079650308789313,-0.9844021329818119,1.9216998211832321
module:colour,Cirsium conspicuum,1.8685854281986314,-1.3141607373364863,-0.6014967298376491
module:colour,Cirsium coryletorum,-2.5257713901740493,0.16180481088463966,0.559026203705634
module:colour,Cirsium creticum,0.19755131024649478,0.9898410071408843,0.32459277422684985
module:colour,Cirsium culebraense,-1.1763745182400231,-0.6024121645085081,0.8541491569362586
module:colour,Cirsium cymosum,-2.29088556933014,-0.20866969852602593,-0.10439124664098402
module:colour,Cirsium czerkessicum,2.652052737431775,1.3247350871861943,1.2387647652253213
module:colour,Cirsium dealbatum,0.5892329153017858,0.42073041173037984,0.32634221809460356
module:colour,Cirsium discolor,0.29559726688435567,0.7414305638184907,-0.2865285967577852
module:colour,Cirsium dissectum,2.1932612827800555,0.44212589165973487,-0.735575479912572
module:colour,Cirsium douglasii,-0.47761468469645724,-0.5842299668361365,-0.23769073307568164
module:colour,Cirsium drummondii,2.284968569332532,0.36052932349770966,-0.2855119911996754
module:colour,Cirsium dyris,-0.7455146240868165,-2.213579259618268,1.439184541491112
module:colour,Cirsium eatonii,-0.22831033898127104,-0.20059600840045727,0.27829349065358455
module:colour,Cirsium echinus,-1.6437542462127286,0.32833445550318624,0.03807547700759727
module:colour,Cirsium edule,0.09693130138822259,-0.4219557467619902,0.07377283035343643
module:colour,Cirsium ehrenbergii,0.6423834602708703,-1.344526875957718,-0.21723856310540185
module:colour,Cirsium elbrusense,2.453878866164933,1.228091416649892,0.4884722639249356
module:colour,Cirsium elodes,0.4330977796627821,2.4562227898185123,0.792473444255598
module:colour,Cirsium engelmannii,-0.26442758979722164,0.9710494325476747,-0.3322754433175965
module:colour,Cirsium eriophoroides,-2.14938372927666,-0.9558096943781512,-0.1674885079532636
module:colour,Cirsium erisithales,-0.9535545788641738,1.0079253578197251,-1.505146665398333
module:colour,Cirsium erythrolepis,0.04709144501691387,0.3537377432836144,1.8690886305234529
module:colour,Cirsium esculentum,-0.30928106610006956,-0.11451850622296494,-0.3492580465819095
module:colour,Cirsium euxinum,-0.2522475132464559,-0.2819572119988191,-0.11283340238588553
module:colour,Cirsium falconeri,-1.8654086969191217,1.3453956922122738,-0.4335342922035483
module:colour,Cirsium faucium,0.8285920031057682,-2.271489945969882,1.3219002852709685
module:colour,Cirsium ferum,-0.27816118025566866,-0.5108212573830679,-0.3667847380523957
module:colour,Cirsium filipendulum,1.6887953161701623,0.606374852874635,-0.6651418291931616
module:colour,Cirsium flodmanii,0.9638321170613761,0.17010410678636942,-0.5583670739334269
module:colour,Cirsium foliosum,-0.8596422983133623,0.38385003948170887,-0.6515518617855327
module:colour,Cirsium funkiae,-1.4079330806842782,0.16375920081487902,0.23864902564074286
module:colour,Cirsium gagnidzei,0.9821627532840987,2.6066332401878824,3.494384853737613
module:colour,Cirsium gilense,-0.930827419804426,-0.48044220938937837,-0.7990419974351747
module:colour,Cirsium glabrum,-1.2922354508916847,-0.10450700477021392,0.8240027378682325
module:colour,Cirsium grahamii,2.6651110193497844,-0.2617150189711055,-0.0521292087799744
module:colour,Cirsium greimleri,0.9185360814929737,-1.5204548960782245,0.5708245424920728
module:colour,Cirsium griseum,-1.859267684506876,-0.715704786225962,0.03147285649756183
module:colour,Cirsium hachijoense,-1.460063418966132,-0.44085281965551765,-0.11914334399994367
module:colour,Cirsium hachimantaiense,1.114902527581323,-1.6537680156622117,0.16703036509965205
module:colour,Cirsium harrisonii,0.4467296077452059,1.9169171591521146,0.0121734186309054
module:colour,Cirsium helenioides,0.925754263986262,0.10216823901878162,-0.01283621649099422
module:colour,Cirsium heliorhaphis,0.5592789018501876,-0.4461657749057526,-1.051004340295436
module:colour,Cirsium hesperium,-1.4907935680816458,-0.7267394100958157,-0.10909235657723108
module:colour,Cirsium heterophyllum,2.0674772704401176,0.6087930820724935,-0.43011830176568694
module:colour,Cirsium heterotrichum,0.5542817528939382,-1.2053608885354612,-0.14533704551986792
module:colour,Cirsium hidakamontanum,1.4973738436534862,-1.9481088397703434,0.9755573077828431
module:colour,Cirsium hidalgoense,0.7807472160895546,-0.19369246750760194,1.0979463717928952
module:colour,Cirsium hookerianum,-2.2114905393927686,0.29699533315739896,-0.2591490362618675
module:colour,Cirsium horridulum,-0.4517359315259657,-0.6109720376253818,-0.3099047344147047
module:colour,Cirsium hosokawae,0.471152609302308,-1.6954254949915377,0.3623686174079614
module:colour,Cirsium hupehense,-0.14492291267693289,1.0418393170993343,0.30346921191761694
module:colour,Cirsium hydrophilum,0.985823053891351,-1.3854905445884644,-0.43123306084072116
module:colour,Cirsium hygropodum,1.8325775511911417,-0.08542748702141842,0.3458822399959602
module:colour,Cirsium hypoleucum,2.204577330819317,-1.323854216174832,-0.3770485792846525
module:colour,Cirsium inamoenum,-2.0024426268771753,-0.7623778926396629,0.2522342482457781
module:colour,Cirsium irumtiense,1.9544253351908456,2.0994548278265075,-0.24677243633703022
module:colour,Cirsium isophyllum,-1.3809666417999784,-0.9406651442299906,0.504059404953505
module:colour,Cirsium italicum,0.9850553889888496,0.07989061496885927,-1.1412769123826643
module:colour,Cirsium jaliscoense,-0.7259521029199036,-0.5929640021733344,-0.937964349437162
module:colour,Cirsium japonicum,1.722388413076809,1.060839276828542,-0.7052051407132923
module:colour,Cirsium jorullense,0.2632393253437504,-1.4648850140483454,0.9555019655242015
module:colour,Cirsium kamtschaticum,-0.4672720727648466,-0.5792147204513264,0.5405481032340048
module:colour,Cirsium kawakamii,-3.0108961756955432,5.24259467778637,1.6679000015039143
module:colour,Cirsium kirishimense,-2.3641208284741304,-0.08166278058554985,0.9109735327298846
module:colour,Cirsium komarovii,-1.0202184448885236,0.4244946036361507,-0.07909198310338253
module:colour,Cirsium kosmelii,-1.7366713321040004,0.9019130595358072,-1.0260934717325527
module:colour,Cirsium laniflorum,-0.24082782357435092,0.49234112459106033,-0.43579892486491206
module:colour,Cirsium latifolium,-0.7391701648066854,0.20184528724978984,0.4174583388046026
module:colour,Cirsium lecontei,-0.7301140633083874,-0.020738212193555962,-0.36346458220665395
module:colour,Cirsium leo,2.1739188669252045,0.6257172472620701,-0.104339668259974
module:colour,Cirsium libanoticum,0.263997324903611,-0.9097579959298303,-0.4542467389668963
module:colour,Cirsium ligulare,2.307838161144055,-0.2168088391700673,-0.22782246445204232
module:colour,Cirsium lineare,1.5426431276511687,0.7566685209356292,-0.1546499548257786
module:colour,Cirsium lipskyi,-1.1102159800712181,0.9889160805977878,-1.369793895546685
module:colour,Cirsium lomatolepis,0.5031781160758299,-0.8898754227168768,0.8130062345787015
module:colour,Cirsium loncholepis,-1.105729305329309,0.16922259228434758,1.0946357048601894
module:colour,Cirsium longistylum,-1.182318785256642,0.06726397120554674,-0.39865257187200503
module:colour,Cirsium luzoniense,-1.3925169815723992,-0.8114890759142527,-0.13305369415579682
module:colour,Cirsium maackii,2.0065681996476528,0.051529438659980435,-0.5154187255822599
module:colour,Cirsium macrobotrys,-1.2030732410782297,-0.049232614259638346,0.683108313441571
module:colour,Cirsium macrocephalum,-2.5123246640574677,1.1698755276646493,-0.006940899783272422
module:colour,Cirsium maritimum,1.0039153910190812,0.7541286007088445,-0.12263188123426245
module:colour,Cirsium mexicanum,0.35259809254554214,0.03665075426070366,-0.4009025060168551
module:colour,Cirsium michiliense,0.7110993606535378,0.18303979533583584,0.9556665834906563
module:colour,Cirsium mohavense,-1.1429703066395294,-0.6092047352285397,-0.207978612505229
module:colour,Cirsium monocephalum,-0.07807639534163115,1.788086794968668,-2.124902183992099
module:colour,Cirsium monspessulanum,0.799938934304736,0.6603815655493944,0.013863628688997837
module:colour,Cirsium morii,1.3661591911368505,1.9927372653479865,-0.665276507981423
module:colour,Cirsium morinifolium,-1.1656674684449169,2.4519648322329366,2.5192051485914893
module:colour,Cirsium murdockii,-1.117589380945668,-0.8850333667208531,0.15449096379209928
module:colour,Cirsium muticum,1.1503189408796948,0.31031128876440445,-0.5523237027916025
module:colour,Cirsium myokoense,-1.498253673671022,-1.3496773433155498,0.5583689747088291
module:colour,Cirsium nambuense,-0.38412229101139833,-1.1664227091725445,0.051389658883666756
module:colour,Cirsium neomexicanum,-0.4600815906373513,-0.24160433240394708,0.052337282751426496
module:colour,Cirsium nipponicum,1.4555059969881583,1.7127769267002142,0.7517042715986204
module:colour,Cirsium nivale,-0.7290519347277049,-1.1833732367310879,0.546580503044206
module:colour,Cirsium norikurense,-0.1023479658631474,0.9501231883004168,0.6296701403135765
module:colour,Cirsium notorhaphis,2.0083267386577437,-0.11282740983674952,-0.7849544781762716
module:colour,Cirsium novoleonense,1.457506296132391,-1.4303369093941416,-0.36647984405879125
module:colour,Cirsium nuttallii,-1.866275023155256,0.05045541541632314,-0.14408369404125151
module:colour,Cirsium oaxacanum,0.8257126375876238,-1.987666333190656,0.7904977449791669
module:colour,Cirsium obvallatum,-1.4158009050645677,0.5248279127376233,-0.34405919963181175
module:colour,Cirsium occidentale,0.09732706507587344,-1.0594192308130506,-0.2273647677669905
module:colour,Cirsium ochrocentrum,-0.8220601770231468,-0.6474667153321847,-0.208823796841466
module:colour,Cirsium oleraceum,-1.4847752799391374,0.914377872574432,-0.9818019823956795
module:colour,Cirsium oligophyllum,2.1643558592794943,1.780469612878294,-0.41998150423478786
module:colour,Cirsium opacum,0.20484571959298595,-0.18494052327207727,-0.7704741680360172
module:colour,Cirsium osseticum,-0.9726823983142284,-0.13318807616775066,-0.053054342199652604
module:colour,Cirsium otayae,1.2813189554751567,0.35864554679996624,0.29693925535740306
module:colour,Cirsium ownbeyi,-1.1540574569165296,-0.6909338804889755,-0.4640750701116703
module:colour,Cirsium pacificum,-0.7652871930870148,0.4012860927769009,-0.8838464496394306
module:colour,Cirsium palustre,0.9791614708331472,-0.3258615962854159,0.1908901188739498
module:colour,Cirsium pannonicum,2.587777449452864,-0.056159365942598245,-0.4884663270203194
module:colour,Cirsium parryi,-1.1262174560750975,0.9135576413498189,-1.033333896661851
module:colour,Cirsium peckii,0.8860547938201633,-0.7397090257521923,-0.31589397005125525
module:colour,Cirsium pendulum,0.16672586458785438,-0.6033801553103757,0.5866269375963402
module:colour,Cirsium perplexans,0.4309711373733358,-0.8629093289727164,0.6781810638064315
module:colour,Cirsium phyllocephalum,0.44841608197189126,-1.0981312742536808,0.2555762001576997
module:colour,Cirsium pinetorum,0.3446909299080087,-0.7161040512098041,1.1060431937098891
module:colour,Cirsium pitcheri,-2.21551845180216,-0.9595201363349782,0.4432885669411403
module:colour,Cirsium pringlei,1.9555086992940203,-1.3312598662362738,0.06019797997817565
module:colour,Cirsium pubigerum,0.05907494360426336,0.04293919604438336,-1.2251219894456062
module:colour,Cirsium pugnax,0.13662074448592285,0.20649546848226422,-0.26660658054031294
module:colour,Cirsium pulcherrimum,-1.4469645794255175,-0.6792385833495519,-0.07134791927153043
module:colour,Cirsium pumilum,1.271530030606871,0.712097430327426,-0.76873616773464
module:colour,Cirsium purpuratum,1.6742608786585533,-1.2818901767870101,1.0844785474346799
module:colour,Cirsium pyrenaicum,0.3618763792592582,-0.08071347597348812,-0.005573410121433943
module:colour,Cirsium quercetorum,-1.101418326555141,-0.32725118080225485,-0.44194368584104793
module:colour,Cirsium radians,-0.5634954794249069,-1.2791464585990344,0.34936214002535687
module:colour,Cirsium remotifolium,-1.3734709020968225,0.4119299737435986,-0.7052335579881436
module:colour,Cirsium repandum,0.22825464654877706,0.5441601630399718,0.1485790516531162
module:colour,Cirsium rhaphilepis,0.753626891083007,0.15101263297365364,-0.27467231190176716
module:colour,Cirsium rhinoceros,1.2662684384776086,0.5336943450100576,-0.8129391978508125
module:colour,Cirsium rhizocephalum,-1.811008018614018,0.02917416353207588,-0.18375203598748158
module:colour,Cirsium rivulare,1.7764237318295408,-0.12735629656932837,-0.08046189757216492
module:colour,Cirsium roseolum,-1.7058492737826958,0.7069397660744929,-0.4705443880680555
module:colour,Cirsium rupinarum,0.07645829255785153,-0.5863697684529867,-0.2949534182911781
module:colour,Cirsium sairamense,-1.0578359471696448,-0.10584634020046813,0.09987742095194163
module:colour,Cirsium scariosum,-1.22413764261859,-0.10462431984871988,-0.21688601913866004
module:colour,Cirsium schantarense,0.7897618628313668,-0.2956551389701125,1.259988183361433
module:colour,Cirsium scopulorum,-1.3832789083152779,-0.24806291406609113,0.03462342378135515
module:colour,Cirsium semenowii,-0.9005121797831039,-0.11481836956535786,-0.1370555453591691
module:colour,Cirsium serratuloides,0.37146458104127955,0.4129934376918705,-0.29796895387888467
module:colour,Cirsium serrulatum,-0.0851929212670302,0.1067829433024942,-0.3880598355606403
module:colour,Cirsium setidens,1.495018462598608,1.0439021676423497,-0.012285828167703412
module:colour,Cirsium shansiense,1.2162310585082055,-0.9477493745248903,-0.5683674754006929
module:colour,Cirsium sieboldii,1.7531926010028507,2.0989147134364075,0.7894054291406697
module:colour,Cirsium sieversii,-1.622062957819639,0.3204324446047313,0.06634241525450828
module:colour,Cirsium simplex,1.9995620996269912,0.49206731762791767,-1.1480271418291392
module:colour,Cirsium sintenisii,-0.29384211070755045,-0.08687814821088909,-0.6498337779939399
module:colour,Cirsium sipyleum,-1.5333809000647767,-1.0093562813450279,0.036562328107567106
module:colour,Cirsium skutchii,-3.680888044430782,0.600496448256867,0.46272781230556387
module:colour,Cirsium sorocephalum,-0.19993399937747558,-0.815261371922394,-0.3952111416427578
module:colour,Cirsium souliei,1.7824039497785786,0.12062190922372246,-0.44273831536545005
module:colour,Cirsium spicatum,1.8865021677003366,0.061109477491086875,1.2994246188745389
module:colour,Cirsium spinosissimum,-1.2161051419836875,0.6829865312109951,-0.8296490426930618
module:colour,Cirsium spinosum,-0.46712320489526327,0.4771293604185643,0.1853871756802542
module:colour,Cirsium subcoriaceum,-0.6066173008308774,-0.47934081147844204,-0.5873829359247414
module:colour,Cirsium subuliforme,-1.5781298828871966,-1.2595002189374538,0.6866757387024178
module:colour,Cirsium suffultum,2.203314320181312,0.48671340607634317,-0.4512227782029608
module:colour,Cirsium suzukaense,1.149190220860889,2.399740086906318,0.6227770846969615
module:colour,Cirsium suzukii,1.5553411186709631,-1.740764534917366,1.3064852586885065
module:colour,Cirsium sychnosanthum,1.8333156460628475,-0.16590173016764634,0.1608340796128079
module:colour,Cirsium taiwanense,-2.133103937703103,0.015744594932793256,0.5913709338492262
module:colour,Cirsium tamastoloniferum,0.7070213431811664,-0.7947946697316187,-1.1014867805939976
module:colour,Cirsium tancitaroense,0.026799672746553035,-0.8157137999444076,-0.9221687107914013
module:colour,Cirsium tatakaense,-0.19816377977136831,-0.5682807867988887,-0.052692441270954404
module:colour,Cirsium tenorioanum,-2.3301442313461997,3.804394408908129,0.41368071448744537
module:colour,Cirsium tenuipedunculatum,-1.1237291781598397,0.3550659111081179,0.062112090188020795
module:colour,Cirsium tepehuanense,2.6074252046300903,-1.5450181265348721,-0.35461444746024035
module:colour,Cirsium texanum,1.0992734656432956,0.8890598547110834,-0.5675835836410661
module:colour,Cirsium tioganum,-0.8627983842988988,-0.28483852561504064,-0.5540768174759951
module:colour,Cirsium townsendii,1.1715184396157408,-1.0396240092188547,-0.6761129166052328
module:colour,Cirsium tracyi,-1.5283415498583615,-0.7641014627574552,0.21647347633460612
module:colour,Cirsium tuberosum,1.3478737120324848,0.6499032663618002,-0.42956036860137864
module:colour,Cirsium tukuhnikivatzicum,-1.4087753629063537,-0.16290092422322663,-0.24332085990661956
module:colour,Cirsium turkestanicum,-1.8427605309019506,0.1438342239251888,-0.6286694731920728
module:colour,Cirsium turneri,-0.07145516315375064,-0.9098180703429225,0.29854456040035454
module:colour,Cirsium tweedyi,-1.3536956511590135,-0.03578545560681257,-0.2992928702601779
module:colour,Cirsium tymphaeum,0.9087977091564095,1.370675841912315,-0.6377184707869303
module:colour,Cirsium ukranicum,-0.16928046214618941,-0.11037682101761727,-0.3465589203087408
module:colour,Cirsium uliginosum,2.5512909798417462,-0.6499110855577015,-0.2660798801601606
module:colour,Cirsium undulatum,-0.9613380815323782,0.05748900822262761,-0.1126545829817454
module:colour,Cirsium valentinum,0.9277124969860053,-0.4981664289823099,-2.0964990897888924
module:colour,Cirsium velatum,-0.8369913797257152,-1.1471377964412839,-0.2730488953486263
module:colour,Cirsium verutum,-0.02414924166960742,-0.7377721828581681,0.16141593434257026
module:colour,Cirsium viperinum,-0.791482235111178,-0.9695421060291725,-0.6754736995512999
module:colour,Cirsium virginianum,1.7999935968108602,1.3613601765104155,-0.3480471845929325
module:colour,Cirsium vlassovianum,2.025939711221153,0.6360552566030546,-0.439471648940219
module:colour,Cirsium vulgare,0.3174773050594815,0.6043090881141722,-0.43362681169811146
module:colour,Cirsium waldsteinii,2.0895272421453512,-0.020203775716273055,1.452041915309456
module:colour,Cirsium wallichii,-1.1747295628567296,-0.7526872159535439,0.45115808575833044
module:colour,Cirsium welwitschii,0.3538947277153799,1.2417618619667696,-1.363816015890398
module:colour,Cirsium wheeleri,0.665027180843663,-0.0944063438352237,-0.06206461527871621
module:colour,Cirsium yakusimense,1.401883859018943,3.5639527264049797,3.0550243244104585
module:colour,Cirsium yatsu-alpicola,1.1778528630146299,1.71947887742667,2.124623789320672
module:colour,Cirsium yezoense,1.1630843782427975,1.006047778134612,-0.2008316332827589
module:colour,Cirsium zhejiangense,0.3342931120659682,-1.855980081034255,1.2398334242484454
module:involucre_architecture,Cirsium acantholepis,2.7482645840784645,-1.0897792772857284,1.5690772628429923
module:involucre_architecture,Cirsium acaulon,-1.1415575069872836,0.36280693200670416,0.08175091609047475
module:involucre_architecture,Cirsium acrolepis,-0.877275332473166,0.3775872421929788,1.2889803156872677
module:involucre_architecture,Cirsium alsophilum,-0.5809029875996706,1.323423329922019,0.6447331387544758
module:involucre_architecture,Cirsium altissimum,-0.31261833989094434,-0.045528625278050246,-0.21072949521906895
module:involucre_architecture,Cirsium andersonii,1.3458962789035362,-0.5461426231255736,-0.1884182995854732
module:involucre_architecture,Cirsium arachnoideum,-2.854017448415927,-1.2128032968926095,-1.0857486303102717
module:involucre_architecture,Cirsium arctorhaphis,-1.5014578175985542,0.12022713663113052,0.4942278349079836
module:involucre_architecture,Cirsium arizonicum,0.006284623704297374,-0.6584998727518239,-1.3013925409319962
module:involucre_architecture,Cirsium arvense,-0.3998286586281619,-0.10459561248989112,0.09849180735964122
module:involucre_architecture,Cirsium barnebyi,-0.9704692812618276,-0.6786443662954044,0.7143421189563478
module:involucre_architecture,Cirsium bertolonii,-3.93486464914001,2.155018491653202,0.0349108653398118
module:involucre_architecture,Cirsium borealinipponense,2.0258188405622497,-0.2802648798027347,-0.9891082386205229
module:involucre_architecture,Cirsium brachycephalum,1.9529801630796517,-0.018701408933613616,1.8920798905550622
module:involucre_architecture,Cirsium brevifolium,1.6888353115625854,-0.7714235751919386,-0.48374595239344353
module:involucre_architecture,Cirsium brevistylum,-0.4062424345127543,0.11694311343885977,0.4149887697161337
module:involucre_architecture,Cirsium candelabrum,0.9399505902729028,0.647478497559068,0.8518289836083419
module:involucre_architecture,Cirsium canescens,1.2100566141005058,0.41643002667550866,0.14132266002062915
module:involucre_architecture,Cirsium canum,-0.4234067889867827,-0.7100385778183261,-0.5978369616102706
module:involucre_architecture,Cirsium carniolicum,0.4945400141572336,0.7389364274216125,0.7556007849136491
module:involucre_architecture,Cirsium carolinianum,0.18251750420360033,-1.613376868429011,1.2952822955866428
module:involucre_architecture,Cirsium centaureae,1.0900382554591466,-0.1299021573278493,-1.0206879989101232
module:involucre_architecture,Cirsium charkeviczii,2.478051295503256,0.7243670635484408,0.4331286938814496
module:involucre_architecture,Cirsium ciliatum,1.2283971952485757,0.5417463513718894,0.3486763720918014
module:involucre_architecture,Cirsium clavatum,-0.7385015946773483,-0.8661550748506253,0.792120440633923
module:involucre_architecture,Cirsium coloradense,-0.2721142339079782,1.2220710147631388,0.5434342947741041
module:involucre_architecture,Cirsium consociatum,1.372383225422164,-0.008938333688578227,1.8384781160826265
module:involucre_architecture,Cirsium conspicuum,0.03704662182733414,-1.4527198519549969,-2.726729672829843
module:involucre_architecture,Cirsium coryletorum,-0.893016370185967,0.6290991481806666,0.008304462707050004
module:involucre_architecture,Cirsium culebraense,-0.8455896520549867,-0.09578962673232728,-0.6671559944566774
module:involucre_architecture,Cirsium cymosum,1.3572297513331353,0.31742622918309454,-0.004666989812130466
module:involucre_architecture,Cirsium discolor,0.2874620767456028,0.02564637352979154,0.4072325859117811
module:involucre_architecture,Cirsium dissectum,1.9024433399271823,-0.20089147593335427,1.0696399138014785
module:involucre_architecture,Cirsium douglasii,3.254821889707106,3.8851140342032617,-3.851580805387957
module:involucre_architecture,Cirsium drummondii,-0.780439692865116,0.25412448910231883,0.3272685129643369
module:involucre_architecture,Cirsium eatonii,1.5427863647489801,-0.8186082432226832,-0.1703831556632075
module:involucre_architecture,Cirsium echinus,-0.4231763871017018,0.4579569002637599,-0.07956529405841664
module:involucre_architecture,Cirsium edule,0.45675963326136076,0.3368572797371661,0.3968696122905294
module:involucre_architecture,Cirsium ehrenbergii,-0.40796075448582975,0.3397789352002595,0.9215090988306084
module:involucre_architecture,Cirsium engelmannii,-0.8111410966624563,0.0683345717939026,0.98278016618678
module:involucre_architecture,Cirsium erisithales,-0.4804536321245638,0.04998198956660972,0.03857582714078974
module:involucre_architecture,Cirsium erythrolepis,-1.146143507392792,0.2044022148745146,-0.10570726649422967
module:involucre_architecture,Cirsium esculentum,1.0775390966036686,-0.06906207969222684,0.5047366176834084
module:involucre_architecture,Cirsium ferum,-1.4853979721213404,-1.8681083357613002,-0.20018071024163842
module:involucre_architecture,Cirsium filipendulum,1.6168271362683626,-0.003773552907731825,-0.33917862146183886
module:involucre_architecture,Cirsium flodmanii,0.5671260907785509,0.33551195388073596,0.29663043251702303
module:involucre_architecture,Cirsium foliosum,-0.3118699933154915,0.2686799715609141,0.33036879172265116
module:involucre_architecture,Cirsium glabrum,-0.07527833567383625,0.09192208167007886,1.0503697944426407
module:involucre_architecture,Cirsium grahamii,1.5101325871418783,-0.2406726553431399,-0.31729376841333456
module:involucre_architecture,Cirsium greimleri,-2.6609647239864707,-0.04607576616454923,-0.5953113674303191
module:involucre_architecture,Cirsium hachimantaiense,0.08858833601514975,-1.25480098813379,0.8905554664245766
module:involucre_architecture,Cirsium helenioides,-0.8810312288331095,0.357131482742555,-0.31994639662006646
module:involucre_architecture,Cirsium heterophyllum,-0.19517876396347192,0.1483260233690162,0.34336116356161145
module:involucre_architecture,Cirsium hidakamontanum,2.266231728889701,0.26687105134045647,0.753061383764954
module:involucre_architecture,Cirsium hookerianum,-0.32003628462830674,-0.4510172879687308,0.7697724335786612
module:involucre_architecture,Cirsium horridulum,0.7489462777565594,0.15863649113844025,0.4186450926297229
module:involucre_architecture,Cirsium hygropodum,4.378669041012738,0.07914010200685359,0.8475814193269154
module:involucre_architecture,Cirsium hypoleucum,1.9959848980914092,0.774153600556244,0.631925006324769
module:involucre_architecture,Cirsium inamoenum,3.1377114483249007,-3.4122910384065075,-2.938436158305745
module:involucre_architecture,Cirsium jaliscoense,-2.4549196567669975,-1.411615737500546,-1.5231733098117808
module:involucre_architecture,Cirsium japonicum,-2.5116484589692436,0.42261991143640454,-0.24388588423505775
module:involucre_architecture,Cirsium kamtschaticum,-0.427090232402847,0.4703106876214281,0.7381231678224843
module:involucre_architecture,Cirsium laniflorum,1.3882681019160186,0.41045298917757317,-0.34502378891462754
module:involucre_architecture,Cirsium longistylum,-1.7910736669446374,-0.7834509789190968,-0.6686007172169809
module:involucre_architecture,Cirsium maackii,-2.2664130760530767,0.2162734690204148,1.3346372703549088
module:involucre_architecture,Cirsium maritimum,-3.4772914898081746,0.3762380420580876,-1.8771100920880321
module:involucre_architecture,Cirsium mexicanum,-0.7823851297379031,0.3441964766724685,0.13723712491453557
module:involucre_architecture,Cirsium mohavense,0.04238083126643831,0.2852710421380192,0.6459764725308715
module:involucre_architecture,Cirsium monspessulanum,-0.026736515052002804,0.041433503707657124,0.5737518379980936
module:involucre_architecture,Cirsium morinifolium,-0.2390761654096638,0.3387690864979619,-1.283903321958472
module:involucre_architecture,Cirsium muticum,-0.7164172281556617,0.15672553614070903,0.46601734141613776
module:involucre_architecture,Cirsium neomexicanum,1.2348251539207882,-0.4484913761739968,0.10777247539592841
module:involucre_architecture,Cirsium nivale,2.8975535177089338,0.6586159992841512,-0.6474307011657118
module:involucre_architecture,Cirsium norikurense,-0.5881163543893984,0.46209261706264354,0.2769845074544885
module:involucre_architecture,Cirsium novoleonense,-3.8020927771122097,1.3596342411110354,0.8658023078595698
module:involucre_architecture,Cirsium nuttallii,0.9813937463272892,0.5989353974163861,-0.2849342513136358
module:involucre_architecture,Cirsium obvallatum,-0.5134839833907031,0.1459452062163026,0.7682887004618891
module:involucre_architecture,Cirsium occidentale,0.07277711420514339,0.5682120705919393,0.18080824009111593
module:involucre_architecture,Cirsium ochrocentrum,0.2904323264719563,-0.29382461606701904,-0.6095918944348809
module:involucre_architecture,Cirsium oleraceum,-0.5479061034352243,-0.04807676770856549,0.1285386568150053
module:involucre_architecture,Cirsium oligophyllum,-3.687752348622792,-1.1268425041998578,-0.4448088354289026
module:involucre_architecture,Cirsium pacificum,-2.8582506123018723,1.3387596156916468,1.3004718891800464
module:involucre_architecture,Cirsium palustre,-0.04081552993457404,0.1006116145355443,0.3894526991925661
module:involucre_architecture,Cirsium pannonicum,-1.0764065953933284,-0.15884150306499237,-0.2702127816406264
module:involucre_architecture,Cirsium parryi,0.19449002255408648,0.3003844915993262,0.4246159462359608
module:involucre_architecture,Cirsium pendulum,0.05961371020253043,0.2390740282757474,-0.9391405948339137
module:involucre_architecture,Cirsium perplexans,2.83028383258134,0.32368901714673615,0.19358380707832804
module:involucre_architecture,Cirsium phyllocephalum,0.8774112358884052,2.5777990483609203,-1.7816444561319742
module:involucre_architecture,Cirsium pinetorum,0.09504808570919561,-0.05967671604176305,-0.2009366873472214
module:involucre_architecture,Cirsium pitcheri,-1.8548016875632238,0.2773788320287712,-0.5489595741103461
module:involucre_architecture,Cirsium pugnax,0.6712570436274687,0.46662346093512524,-1.2854333441323866
module:involucre_architecture,Cirsium pulcherrimum,0.5687610064753804,0.19266940064941554,0.7663531626582613
module:involucre_architecture,Cirsium pumilum,0.8906887305466974,0.5295029970090016,0.6295759177858571
module:involucre_architecture,Cirsium purpuratum,1.317615279773772,-2.0939463152925972,0.11091121028960928
module:involucre_architecture,Cirsium remotifolium,1.6564274196308775,0.387148331497846,0.8368342564177115
module:involucre_architecture,Cirsium repandum,1.6724835307985118,0.7118385168625663,-2.0265367864711563
module:involucre_architecture,Cirsium rhaphilepis,-1.9700567902099337,-0.6175440741967955,-0.9026362397636273
module:involucre_architecture,Cirsium rhizocephalum,-2.0382537308601414,-0.4393852513282036,0.29473527264815147
module:involucre_architecture,Cirsium rivulare,-0.7552193754205747,0.3169049631080892,-0.23143422057383783
module:involucre_architecture,Cirsium rupinarum,0.2104921867799044,-0.172951372478964,-0.8070336114224318
module:involucre_architecture,Cirsium scariosum,0.9873468060739795,0.3913907190888537,-0.3098917960482888
module:involucre_architecture,Cirsium schantarense,-2.940308302845575,0.5698377628180146,1.0644884427025256
module:involucre_architecture,Cirsium semenowii,-0.15478868657457337,-0.4705798457819937,-1.8428494805798084
module:involucre_architecture,Cirsium serratuloides,-2.3801135052794296,-0.4362094672963518,-0.518044496162057
module:involucre_architecture,Cirsium serrulatum,1.9645770109170873,0.0210983837713204,0.10994966801115143
module:involucre_architecture,Cirsium setidens,2.109951940205933,-4.718825884279314,-0.983597570496409
module:involucre_architecture,Cirsium simplex,-0.5785151979962936,0.15825546042605332,-0.9727460731546763
module:involucre_architecture,Cirsium sorocephalum,1.5260216766668515,-1.7319279897352629,-0.6100038109452735
module:involucre_architecture,Cirsium souliei,1.13814452963247,0.723471784269287,0.5907934519913578
module:involucre_architecture,Cirsium spinosissimum,1.0910004406572407,0.06593165396563543,0.5213325621724804
module:involucre_architecture,Cirsium subcoriaceum,-0.5808254400453902,0.22266553258892746,0.020155803361333307
module:involucre_architecture,Cirsium subuliforme,-1.9148152947548418,-2.408933490902788,-0.73568277349048
module:involucre_architecture,Cirsium suzukii,-1.402810047407924,0.8247780403610976,-0.36095106710223984
module:involucre_architecture,Cirsium tatakaense,2.178905868505544,1.1660103699322275,-0.18854588110983614
module:involucre_architecture,Cirsium texanum,-0.26783969891177584,-0.4546915373799738,-0.2799252370757391
module:involucre_architecture,Cirsium townsendii,1.764082793325535,0.05707075491838177,-0.22655826215120603
module:involucre_architecture,Cirsium tracyi,1.1832790768248334,-0.7091205187606022,2.2035420082096167
module:involucre_architecture,Cirsium tuberosum,-0.5588354366063492,0.12616143077357128,-0.12571085497350964
module:involucre_architecture,Cirsium turneri,0.3543040554679965,0.1416789282318076,0.24358104937155564
module:involucre_architecture,Cirsium ukranicum,0.8658693990338033,0.3835473152530139,0.4833243276401665
module:involucre_architecture,Cirsium undulatum,0.48600335129863503,0.08413559498822235,0.24893359504955617
module:involucre_architecture,Cirsium velatum,0.005822638861084423,3.829248128070141,-2.607570901266433
module:involucre_architecture,Cirsium vlassovianum,-2.8218484839835423,-2.6804829924924176,-1.7561603496034397
module:involucre_architecture,Cirsium vulgare,0.4591062013716013,0.08542456990795053,-0.12830463612581725
module:involucre_architecture,Cirsium waldsteinii,1.017985557699219,-1.3588368888734028,2.9332438181969063
module:involucre_architecture,Cirsium wallichii,-2.9973793875645094,0.3805396081320127,0.7376644005120215
module:involucre_architecture,Cirsium wheeleri,-2.919702578238011,-0.372625901577959,1.2126538666035287
module:shape,Cirsium acantholepis,-0.9537137252091642,1.6677957237473735,1.4096512282521403
module:shape,Cirsium acaulon,1.2776154504201904,0.31428699536733373,0.05431948219219666
module:shape,Cirsium acrolepis,-0.06770488668317254,0.5925522439612648,0.21492606244221021
module:shape,Cirsium alatum,0.48810593669823027,0.25450924935868663,0.22561665511589055
module:shape,Cirsium alberti,0.18213609627450564,-3.988142026902617,-1.1194314052187615
module:shape,Cirsium alsophilum,1.0638257878548236,-0.34724260154302167,-0.17718827074264668
module:shape,Cirsium altissimum,0.6266228867776981,-0.03235712218379329,0.08591902294284955
module:shape,Cirsium anartiolepis,0.6520529236574897,0.6113632989938017,-0.7424155646821589
module:shape,Cirsium andersonii,0.9867080779617332,-0.9240850399610887,-0.2859679064286484
module:shape,Cirsium andrewsii,-1.6283052702540335,-0.1896752499690588,1.1844893282821973
module:shape,Cirsium aomorense,0.9884323176452597,1.0808881088300324,0.9503469532706769
module:shape,Cirsium appendiculatum,0.8365352783379232,0.12770471742934675,0.7573482976381417
module:shape,Cirsium arachnoideum,-0.4237972309821957,-0.5360459521895765,0.8972191512688494
module:shape,Cirsium arctorhaphis,-1.6777642664371732,0.49277979177699155,0.6323258779139057
module:shape,Cirsium argillosum,-2.462317462414487,-0.4178809085553224,-0.8630258422734488
module:shape,Cirsium argyracanthum,-5.363320542445814,0.2656740959029909,-1.1247019561486753
module:shape,Cirsium arisanense,0.526167725996125,0.59532656643076,-0.30008036157886214
module:shape,Cirsium arizonicum,0.9642656859614787,-0.31681773023999105,-0.6127534589218896
module:shape,Cirsium arvense,0.7058340076150404,0.005135645462409426,0.039181884701549326
module:shape,Cirsium babanum,1.6973343907668788,0.4896289755142283,1.573558316729579
module:shape,Cirsium barnebyi,0.7690428459842654,1.8997074601870065,-0.8961311428400203
module:shape,Cirsium bertolonii,-2.7537000175993196,0.1325837866404512,0.4145645254102386
module:shape,Cirsium bicentenariale,-1.1891053371846425,-0.5832890619469103,-1.633977400124885
module:shape,Cirsium boninense,-2.7531170116292354,1.2289821660693983,0.9349099856773653
module:shape,Cirsium borealinipponense,0.19393803505232463,0.20187301040667596,1.1625081433651787
module:shape,Cirsium botryodes,2.4530455467308494,-0.5222330821460606,-0.2709145755123742
module:shape,Cirsium brachycephalum,0.3796398059968602,0.14265460933950122,0.16024593660690523
module:shape,Cirsium bracteosum,0.26112566183829694,1.8150206500189716,-0.8705802128244374
module:shape,Cirsium brevicaule,0.1896261234765037,-0.4590582829742779,0.6385579882251216
module:shape,Cirsium brevifolium,0.06263782044659064,0.4213948490960635,0.009214008919969303
module:shape,Cirsium brevistylum,-0.07649811151514896,-0.06357243841971684,-0.21258619794141764
module:shape,Cirsium buergeri,1.098347859225818,-1.2291540242686787,-1.9422322035230046
module:shape,Cirsium calcareum,0.9059373059302559,-1.5680065687474256,-0.827025456815353
module:shape,Cirsium candelabrum,-0.7987615902757338,0.046998680415728716,-0.5121198604092755
module:shape,Cirsium canescens,-0.13235010519145465,-0.09682445545681825,0.10705459242168922
module:shape,Cirsium canum,-0.43008706415608666,-0.32231749960021816,0.4668966197971887
module:shape,Cirsium carniolicum,0.5415232869122936,-0.6871761418220566,-0.08741439108719021
module:shape,Cirsium carolinianum,0.7887539800298383,-0.06593243619046661,0.09151080040374597
module:shape,Cirsium centaureae,1.1331081326333547,0.16946538583191975,-0.0919124590799106
module:shape,Cirsium cephalotes,-1.087585464066746,-0.11864919509832282,-0.407801269085123
module:shape,Cirsium chanroenicum,-0.900475295416233,-0.910661926946882,2.1432197066821237
module:shape,Cirsium charkeviczii,0.05570321635400845,1.2126839265613898,0.8841030987796882
module:shape,Cirsium chellyense,1.076342440053483,-0.37441069727816695,-0.5023465393425177
module:shape,Cirsium chinense,1.3339634646194665,-0.10801120175235798,0.8001182401064554
module:shape,Cirsium chionanthum,1.4534069627945922,0.8377380197700518,-0.23672505810419583
module:shape,Cirsium chlorocomos,1.5984945445223235,1.6928636434729876,-0.23801420664512354
module:shape,Cirsium chokaiense,-1.0256393351727269,0.2799102844196329,0.9627797408983829
module:shape,Cirsium ciliatum,0.5096680045153673,-0.2523047585563299,0.11011431552497021
module:shape,Cirsium ciliolatum,0.7797725575759903,-0.7055626677955614,-0.6425971185825419
module:shape,Cirsium clavatum,0.6804271292774436,0.7543355993151006,0.49729235339509636
module:shape,Cirsium clokeyi,-0.5643758397449548,0.11967116910292906,-0.5068879590778776
module:shape,Cirsium coahuilense,0.21592760582772608,-0.6673205643683296,-0.20901772966478122
module:shape,Cirsium coloradense,-0.37452001445145067,0.5292180883029578,0.15023994061997967
module:shape,Cirsium confertissimum,0.5487418823098573,-0.7613931636118976,-0.8252153370078337
module:shape,Cirsium consociatum,-0.5166227036256809,0.016806326156874975,0.6521752406176368
module:shape,Cirsium conspicuum,0.3391708641770919,0.8184272278745743,-1.164535002385917
module:shape,Cirsium coryletorum,0.5118564478295774,0.20044914621499155,-0.008949692695457973
module:shape,Cirsium creticum,0.29363124505268473,0.751602796556751,-0.29533544394031924
module:shape,Cirsium culebraense,-1.7803798512037958,-0.8668790473736597,0.28432689952348733
module:shape,Cirsium cymosum,0.6668964251998784,-0.36256521078636633,0.08692148982715127
module:shape,Cirsium czerkessicum,0.5279167957057302,0.39187971669258415,-0.3641301348294655
module:shape,Cirsium dealbatum,-1.0619712468987985,-0.7357909680928573,0.33156367179596874
module:shape,Cirsium discolor,0.16728773647587356,0.0034418937255997575,0.10787713048275274
module:shape,Cirsium dissectum,0.25506338555339686,-0.42846313463076785,0.6990146083382789
module:shape,Cirsium douglasii,0.7524909337366259,-0.20858588350957383,-0.37644618541344677
module:shape,Cirsium drummondii,-0.3088378486992664,0.15470258842860915,0.11974348766551629
module:shape,Cirsium dyris,-3.492692490820391,1.5798201510479704,0.4477732472468899
module:shape,Cirsium eatonii,-0.9849963425817775,0.5408227685764103,-0.08961269017668423
module:shape,Cirsium echinus,0.49964461686632144,-0.3055371750051068,-0.4284778906908725
module:shape,Cirsium edule,0.5979485190029757,0.2410891084808116,0.19842187431993905
module:shape,Cirsium ehrenbergii,0.34289025516563904,0.3150519021086219,-0.4135640521096677
module:shape,Cirsium elbrusense,-1.75422781200441,0.36373393809354954,0.9390313951132172
module:shape,Cirsium elodes,1.3094700999025837,-0.06226789836235375,0.7307380831708757
module:shape,Cirsium engelmannii,-0.042180043405401324,-0.3811864271855778,0.26990008458990017
module:shape,Cirsium eriophoroides,-2.9224375361762367,0.6053070845460681,1.281418245119038
module:shape,Cirsium erisithales,0.606713497496976,-0.33654923845203305,-0.03650283166656544
module:shape,Cirsium erythrolepis,0.6513109460734819,-1.5647670318775229,-1.3932733493054765
module:shape,Cirsium esculentum,0.7603695197702742,0.3226468739867709,-0.17821050735709287
module:shape,Cirsium euxinum,-0.3545985251059688,-0.09770170324362594,0.5346485644849621
module:shape,Cirsium falconeri,0.11690885367759593,0.2154743714130459,-1.7004388654723863
module:shape,Cirsium faucium,-0.05602050205989154,-0.12400880839038744,0.002256989144099134
module:shape,Cirsium ferum,0.5172236759363676,0.1340967279258436,-0.06733346867861435
module:shape,Cirsium filipendulum,0.24856252591752095,-0.3087458278290165,0.24044980984262285
module:shape,Cirsium flodmanii,0.3293995772846384,-0.04994850775796341,0.2373606213726395
module:shape,Cirsium foliosum,-0.4864971865633565,-1.1572471358579555,-0.14233908428164255
module:shape,Cirsium funkiae,-0.9148482978952819,-0.09322758548058635,0.3764479932936785
module:shape,Cirsium gagnidzei,1.275342888677148,0.5873541476187549,-1.1402551153206317
module:shape,Cirsium gilense,-1.0397652715796415,1.036897036584712,1.2302490706470526
module:shape,Cirsium glabrum,-1.3370574878288746,0.26904517731069605,0.3768762842609272
module:shape,Cirsium grahamii,-0.989492006481431,-1.1569259487048846,0.17392492305638851
module:shape,Cirsium greimleri,-0.04903474061103617,-0.27220400860923494,0.42998715839509566
module:shape,Cirsium griseum,0.036566351803831575,0.23096149271201238,0.14681020351138416
module:shape,Cirsium hachijoense,0.8854236132231965,3.0739341735791776,0.43658956684260963
module:shape,Cirsium hachimantaiense,-0.6100205187738298,0.5360184349847121,0.1147132200978373
module:shape,Cirsium harrisonii,0.7334345374114312,1.3363908008818484,-2.4502700354479643
module:shape,Cirsium helenioides,0.039612781903652264,-0.008696833691132205,0.2072211955071424
module:shape,Cirsium heliorhaphis,1.2865410140495754,-0.029973940598682577,-0.36491343482976707
module:shape,Cirsium hesperium,0.21533771741121407,-0.0784254732888746,-0.37659804329303737
module:shape,Cirsium heterophyllum,-0.17218336830991876,-0.15179048113327526,0.41160996478967204
module:shape,Cirsium heterotrichum,0.12620152061706041,-0.5936989348717556,0.06694026826082398
module:shape,Cirsium hidakamontanum,-0.8689333689320332,-0.5824937395377491,0.6606207000529347
module:shape,Cirsium hidalgoense,0.41224060012259856,0.32715094723734106,0.75921511812024
module:shape,Cirsium hookerianum,0.4734395387917618,-0.11804518666729076,-0.2013096055001027
module:shape,Cirsium horridulum,-0.15684592687153726,-0.03812700176712623,0.06951841971035487
module:shape,Cirsium hosokawae,0.95993134542954,1.846614662370801,0.15299389870231864
module:shape,Cirsium hupehense,-1.201803089251082,0.4505133136172831,1.5406407622988403
module:shape,Cirsium hydrophilum,-1.7216894744155107,-0.8455829238769561,0.3669272459009778
module:shape,Cirsium hygropodum,-0.9303003029832831,-0.14651984715531186,0.035473895323873524
module:shape,Cirsium hypoleucum,0.7556832517952555,-0.2015374909864018,-0.3158684566695436
module:shape,Cirsium inamoenum,0.6324950103161558,-0.023098316114640926,-0.25507395545476574
module:shape,Cirsium irumtiense,1.1463527638342288,-1.9260693395668795,0.1319476287907139
module:shape,Cirsium isophyllum,0.7923033788413795,-0.9869216608166509,0.37420756481055645
module:shape,Cirsium italicum,0.44859088883076703,1.2623856708176084,0.37357987822554295
module:shape,Cirsium jaliscoense,-0.1578562157285284,0.7219112456734008,0.18805678866543588
module:shape,Cirsium japonicum,-0.12597946542013388,0.14869753243379932,0.32704105615605494
module:shape,Cirsium joannae,-4.526101548178215,3.517086959791333,-2.941304189623637
module:shape,Cirsium jorullense,-0.3590194963827275,-0.22506445935624952,-0.11181899191720066
module:shape,Cirsium kamtschaticum,0.3068002256538377,0.34433787119533915,0.02605241018771597
module:shape,Cirsium kawakamii,-10.601151662344632,-1.9228326150368098,-2.2459907000269665
module:shape,Cirsium kirishimense,0.5684359210986933,0.977182556190291,1.5134749900361084
module:shape,Cirsium komarovii,-0.3925246049016136,0.5204853093074122,-0.8246203830551335
module:shape,Cirsium kosmelii,1.625321670684835,1.1478682424599667,-0.7719542407573737
module:shape,Cirsium laniflorum,1.363419313455408,0.40183285032221766,-1.4371481961364498
module:shape,Cirsium latifolium,-1.9472152172687849,0.8894756572288751,1.8182780896219313
module:shape,Cirsium lecontei,0.29594640767639563,-4.923333397537155,0.25268050117990315
module:shape,Cirsium leo,0.8939902796830793,-0.015519853097748523,-0.11943977706925911
module:shape,Cirsium libanoticum,-0.5311272655240403,0.1622281241374761,0.9516973148885894
module:shape,Cirsium ligulare,0.6400713838709775,0.4828915148505724,0.06851797586772222
module:shape,Cirsium lineare,0.9679017165354035,0.38798157969346003,1.0605059801056764
module:shape,Cirsium lipskyi,-1.0823492531276693,0.1500249762212133,0.5475321554510244
module:shape,Cirsium lomatolepis,-0.19594156790012032,-0.6743791414845878,-0.6107934853435388
module:shape,Cirsium loncholepis,1.6567194109043377,0.5230568210352742,-0.4262661886977221
module:shape,Cirsium longistylum,0.8325023268066459,1.90562246733039,0.40238076048722105
module:shape,Cirsium luzoniense,1.3709952230054872,-0.015312279270832074,-1.0189357244203001
module:shape,Cirsium maackii,-0.9250977842720788,0.4329494475338041,0.1259575850470669
module:shape,Cirsium macrobotrys,0.3404690563754794,0.40628063824006383,1.3472520239277403
module:shape,Cirsium macrocephalum,-2.9217629921052573,-0.34318181667011594,-0.2521463403907968
module:shape,Cirsium maritimum,1.4931680780674434,0.41847119517845505,0.004112200097824279
module:shape,Cirsium mexicanum,0.37818571172715704,-0.10660059728532106,0.01709229439313566
module:shape,Cirsium michiliense,2.3431419398447613,0.2330714646581673,-0.06996201321993975
module:shape,Cirsium mohavense,-0.006800954514452076,0.1511241507454235,-0.06813142408571254
module:shape,Cirsium monocephalum,0.6691895821779478,0.8853295032637508,0.887846183000859
module:shape,Cirsium monspessulanum,0.1483554027777408,0.1479560875765841,0.4241362537498252
module:shape,Cirsium morii,0.623911223498439,-1.001826776994759,1.4248720430745223
module:shape,Cirsium morinifolium,-1.3132271183832136,0.8373901017991461,-0.22373857069787165
module:shape,Cirsium murdockii,-1.8342774805412139,-0.17744719595754443,-1.1469929299894894
module:shape,Cirsium muticum,0.6150737959493704,-0.22524586394118062,0.09508217108072482
module:shape,Cirsium myokoense,1.0063089566969627,-1.640602148175219,-1.0105650387364602
module:shape,Cirsium nambuense,1.8948948868982554,-0.1521098658698057,-0.9470694890513194
module:shape,Cirsium neomexicanum,0.023028854534998654,0.1052468238910915,-0.11160344761185154
module:shape,Cirsium nipponicum,1.8376402797704239,-1.8496073737610093,-1.470206108482223
module:shape,Cirsium nivale,-0.19270517551828165,-0.28812855420892597,-0.8660541078150821
module:shape,Cirsium norikurense,-2.1137057849636554,-2.103251434846173,0.4470692568185704
module:shape,Cirsium notorhaphis,1.4077592517642568,0.19119815190203207,0.7075429887398317
module:shape,Cirsium novoleonense,-1.0240959952722255,-0.42266698000732095,0.5618534952385349
module:shape,Cirsium nuttallii,0.03298242295924531,-0.18791362781272958,0.16819206560907163
module:shape,Cirsium oaxacanum,4.157766253786123,-0.7766694135662991,1.6846009279408463
module:shape,Cirsium obvallatum,0.521204429491566,0.08329503047712092,-0.47698805860642984
module:shape,Cirsium occidentale,0.46650915334360493,0.07054968440536125,0.03453634299963016
module:shape,Cirsium ochrocentrum,0.22349570152730983,-0.10891151590275157,-0.21288209917715514
module:shape,Cirsium oleraceum,0.5151750799159631,-0.17080816890387865,-0.24539138092926432
module:shape,Cirsium oligophyllum,-0.08724197854676875,0.7402711689246434,0.2871019464650288
module:shape,Cirsium opacum,0.2957547448279775,1.2494396622897792,-3.296363177531161
module:shape,Cirsium osseticum,0.04722061199576099,0.43253002106454,-0.19558794801282633
module:shape,Cirsium otayae,3.1199721713056325,3.013051707026163,0.6236351352451884
module:shape,Cirsium ownbeyi,-2.251832168160815,-1.2222885239218872,-0.4171261506818853
module:shape,Cirsium pacificum,0.14565450446413492,-0.9964562399142681,0.4621009371220139
module:shape,Cirsium palustre,0.7692926955112003,0.054511469728257066,-0.04418980761230063
module:shape,Cirsium pannonicum,-0.906556727927062,-1.1649717492841078,0.4491500592492733
module:shape,Cirsium parryi,0.33749272028678085,0.10354845522757569,-0.4965020217040096
module:shape,Cirsium peckii,-0.5921583052311871,-0.007848735170593042,-1.7414648849069632
module:shape,Cirsium pendulum,0.5438579078087544,-0.35478116751833466,-0.19630771321874
module:shape,Cirsium perplexans,1.5854739503054986,1.6407459595830352,-0.3392487846706235
module:shape,Cirsium phyllocephalum,0.5829150890619801,-0.6533255256257117,-0.40585993079069266
module:shape,Cirsium pinetorum,1.2284195654529666,0.033538348208833786,-0.2354681515198927
module:shape,Cirsium pitcheri,-3.1488550796069905,-0.13352578397692394,0.8498708483765613
module:shape,Cirsium pringlei,0.7990025147431338,0.4697803433416935,0.7106476488636376
module:shape,Cirsium pubigerum,0.5439499993981386,-4.785286742345795,-0.09822434563336623
module:shape,Cirsium pugnax,0.256389739362215,0.7435490884805652,-0.6299432243978301
module:shape,Cirsium pulcherrimum,0.8556933416589658,0.22367258946514204,-1.3132851464402162
module:shape,Cirsium pumilum,-0.3259845066032663,-0.2801166158887657,0.2656568681795715
module:shape,Cirsium purpuratum,0.6097938929283736,-0.3008620557862414,0.7173045992419249
module:shape,Cirsium pyrenaicum,0.1921257966797682,-1.7120651165793042,-0.04272876274311929
module:shape,Cirsium quercetorum,0.06086204437693887,0.5972406943496541,0.0445018220227068
module:shape,Cirsium radians,0.41137793530122485,-0.29637733219088225,0.837400162151785
module:shape,Cirsium remotifolium,0.7883501502718153,0.37203168090269645,0.015711009699499522
module:shape,Cirsium repandum,0.7437620334566601,-0.3132984557108889,-0.09372511834360861
module:shape,Cirsium rhaphilepis,0.1198910727308806,-0.07747531192551904,0.19707992432947383
module:shape,Cirsium rhinoceros,0.8369273130542211,2.2733644827195456,0.579282522708517
module:shape,Cirsium rhizocephalum,1.0934382735141774,0.7887225888539714,-0.37825145149513273
module:shape,Cirsium rivulare,0.22309388558771043,-0.18980679033521164,0.2502728494110425
module:shape,Cirsium roseolum,0.6900394051406753,0.13368770089120346,-0.5711661623245813
module:shape,Cirsium rupinarum,-3.759086408484836,1.6160092516204108,-1.2198908184795207
module:shape,Cirsium sairamense,-1.0579303105427358,-0.6782283324994043,0.2641025572564621
module:shape,Cirsium scariosum,0.04418784390719028,-0.000554334146987127,-0.18510616350979175
module:shape,Cirsium schantarense,-0.5330711192195441,-0.8335891192309042,0.3767586487479224
module:shape,Cirsium scopulorum,0.12402452013838888,0.12288433490135249,-0.28813679573448536
module:shape,Cirsium semenowii,0.23457172467683665,-0.38910489877318194,0.12149812365947166
module:shape,Cirsium serratuloides,0.4655665416002989,-0.33219163092401566,0.3231075633137732
module:shape,Cirsium serrulatum,0.28143498126815675,-0.16240270509293744,0.010942973013844838
module:shape,Cirsium setidens,1.93579027047877,-0.5915527023785235,-0.5226887197739465
module:shape,Cirsium shansiense,1.5688167635454051,1.3084929244233128,0.410645968413515
module:shape,Cirsium sieboldii,-0.6070530229087933,-0.49343725252330267,1.619100165857426
module:shape,Cirsium sieversii,0.6912533071417633,0.33351832403305504,-1.0104980733309163
module:shape,Cirsium simplex,-0.08807280811590086,0.22940592058624434,0.2633350786194778
module:shape,Cirsium sipyleum,-2.3150492014614255,-1.4632422919890908,1.0619805382545986
module:shape,Cirsium skutchii,-5.422402767863302,-0.060095003511556326,-0.7701293300107561
module:shape,Cirsium sorocephalum,-0.23225661040449816,-0.23953474692834847,0.6744140745991376
module:shape,Cirsium souliei,-2.685068360198649,-0.3327790760152373,-0.9236797659957479
module:shape,Cirsium spicatum,-0.49870085566695393,-1.230724250259913,1.546171252015761
module:shape,Cirsium spinosissimum,-0.19271909545676807,0.1379258933535356,-0.32855825509742786
module:shape,Cirsium spinosum,3.012937927196996,-0.320983445814885,-0.4388132793586126
module:shape,Cirsium subcoriaceum,0.29141065721815346,0.12345479428742302,-0.06196635206858652
module:shape,Cirsium subuliforme,0.7193473130788717,-1.0681376936822242,0.02714322170093728
module:shape,Cirsium suffultum,1.2570187975995326,0.09904168402785503,-0.6977932684743402
module:shape,Cirsium suzukaense,0.7494368105053554,0.10637289945881427,-0.46569002218709316
module:shape,Cirsium suzukii,1.3476227971088104,0.6475918306533865,-0.6943137278835189
module:shape,Cirsium sychnosanthum,-0.9783515268109899,0.5361176462668058,0.1040282410229167
module:shape,Cirsium taiwanense,0.06900289475653054,0.3782072332278027,-1.4260130030238178
module:shape,Cirsium tamastoloniferum,-2.802759371285646,2.186525046953688,-1.5386400541255727
module:shape,Cirsium tancitaroense,-4.131020370181991,-2.5586413420604583,1.8259163793932212
module:shape,Cirsium tatakaense,-0.3370637179042828,-0.1287429543433948,-0.9007103510594469
module:shape,Cirsium tenorioanum,-4.427968372645048,0.5488172087898585,0.7366723070804775
module:shape,Cirsium tenuipedunculatum,2.206388808145311,-0.8440757136483872,-0.6756826245604375
module:shape,Cirsium tepehuanense,-1.4843764007709261,0.2281284250135075,0.33826953542299226
module:shape,Cirsium texanum,-0.3441136187020497,-0.2023600326539244,0.4350879685316519
module:shape,Cirsium tioganum,0.9888771416018645,-0.07319049065634627,0.28161259007494543
module:shape,Cirsium townsendii,0.48728025534598357,0.3880879914154216,0.0868162745670431
module:shape,Cirsium tracyi,0.5964031168642335,-0.5197686068635401,0.4318404042917532
module:shape,Cirsium tuberosum,-0.004343938551942879,-0.65202879875314,0.2643943601839208
module:shape,Cirsium tukuhnikivatzicum,-0.42617099371684897,-0.11064510859249861,-0.2838022077863732
module:shape,Cirsium turkestanicum,-0.2158559331209741,0.07087579047652232,-0.07264241495618934
module:shape,Cirsium turneri,-0.614121662437415,1.0491695773352128,0.2037990597811088
module:shape,Cirsium tweedyi,0.5786381086313765,-0.23350274165682283,-0.17498093342211746
module:shape,Cirsium tymphaeum,1.2606941639526321,0.8900149461819188,0.9529518240224182
module:shape,Cirsium ukranicum,0.16405308949430114,-0.0555649146146302,-0.04052514791567736
module:shape,Cirsium uliginosum,0.06505660647744477,-1.308560169648337,0.5326779749214736
module:shape,Cirsium undulatum,0.22386418208224254,0.03820997167214666,0.011407426799141446
module:shape,Cirsium valentinum,0.413346712836261,1.1585252500889354,0.7893677925576503
module:shape,Cirsium velatum,0.4333514753579173,-1.481572638912056,-0.45785400575708035
module:shape,Cirsium verutum,0.5789416529973784,-0.0147831531877287,-0.13803202649759455
module:shape,Cirsium viperinum,2.663982867691927,-2.2730758554374937,0.1156915712015607
module:shape,Cirsium virginianum,0.7099864940344379,-0.17211523917735752,-0.515253220309009
module:shape,Cirsium vlassovianum,0.43064646664918366,0.4019662101697845,-0.03310646099801938
module:shape,Cirsium vulgare,0.13236917419116684,0.044081881934179626,0.028833534302724426
module:shape,Cirsium waldsteinii,0.9339062070607684,-0.17451790193836408,0.3387879175200897
module:shape,Cirsium wallichii,0.23302280262918848,-0.4335048431398432,0.014045730935079744
module:shape,Cirsium wheeleri,1.0965847125183752,-0.22681274861998663,-0.07204149699321337
module:shape,Cirsium yakusimense,3.115823949155923,-0.823613954528447,-2.0603818827434157
module:shape,Cirsium yatsu-alpicola,0.4024176338981472,-0.41527095417115234,1.293946423249485
module:shape,Cirsium yezoense,-2.303358647304871,0.8610624410246155,-0.23072932903702964
module:shape,Cirsium zamoranense,-1.3302298306230356,-0.9634383222345563,0.9662052731788441
module:shape,Cirsium zhejiangense,-1.5769501667937946,3.960866056451729,1.2496255253796127
